file,bytes
cleaned\asset_map_standardized.csv,1861
cleaned\daily_prices_long.csv,25728410
cleaned\lecture3_monthly_factors.csv,24440
cleaned\merge_rules.csv,288
environment.json,97
figures\acf_asset_class_COMM.png,42497
figures\acf_asset_class_COMM.svg,38589
figures\acf_asset_class_EQ.png,48867
figures\acf_asset_class_EQ.svg,42012
figures\acf_asset_class_FI.png,43681
figures\acf_asset_class_FI.svg,39247
figures\acf_asset_class_FX.png,48493
figures\acf_asset_class_FX.svg,41651
figures\acf_instrument_AN.png,43602
figures\acf_instrument_AN.svg,38540
figures\acf_instrument_AP.png,47670
figures\acf_instrument_AP.svg,38317
figures\acf_instrument_AX.png,46332
figures\acf_instrument_AX.svg,39232
figures\acf_instrument_BN.png,47903
figures\acf_instrument_BN.svg,42069
figures\acf_instrument_CA.png,45800
figures\acf_instrument_CA.svg,38975
figures\acf_instrument_CB.png,45453
figures\acf_instrument_CB.svg,39631
figures\acf_instrument_CC.png,42136
figures\acf_instrument_CC.svg,37732
figures\acf_instrument_CN.png,42308
figures\acf_instrument_CN.svg,37943
figures\acf_instrument_CT.png,42536
figures\acf_instrument_CT.svg,38514
figures\acf_instrument_DA.png,47016
figures\acf_instrument_DA.svg,40095
figures\acf_instrument_DT.png,42530
figures\acf_instrument_DT.svg,38258
figures\acf_instrument_EC.png,43474
figures\acf_instrument_EC.svg,38596
figures\acf_instrument_FB.png,43404
figures\acf_instrument_FB.svg,39091
figures\acf_instrument_FN.png,48299
figures\acf_instrument_FN.svg,41635
figures\acf_instrument_GS.png,43704
figures\acf_instrument_GS.svg,39580
figures\acf_instrument_heatmap.png,94065
figures\acf_instrument_heatmap.svg,90644
figures\acf_instrument_HS.png,45702
figures\acf_instrument_HS.svg,39979
figures\acf_instrument_JN.png,42652
figures\acf_instrument_JN.svg,38781
figures\acf_instrument_JO.png,41447
figures\acf_instrument_JO.svg,38428
figures\acf_instrument_KC.png,41848
figures\acf_instrument_KC.svg,37938
figures\acf_instrument_LB.png,42285
figures\acf_instrument_LB.svg,38948
figures\acf_instrument_LX.png,42557
figures\acf_instrument_LX.svg,37950
figures\acf_instrument_MD.png,43455
figures\acf_instrument_MD.svg,38336
figures\acf_instrument_MP.png,43813
figures\acf_instrument_MP.svg,38365
figures\acf_instrument_MW.png,42683
figures\acf_instrument_MW.svg,38107
figures\acf_instrument_ND.png,46608
figures\acf_instrument_ND.svg,39561
figures\acf_instrument_NK.png,43303
figures\acf_instrument_NK.svg,38156
figures\acf_instrument_RL.png,43329
figures\acf_instrument_RL.svg,38248
figures\acf_instrument_SB.png,43002
figures\acf_instrument_SB.svg,39632
figures\acf_instrument_SN.png,49061
figures\acf_instrument_SN.svg,42099
figures\acf_instrument_SP.png,48778
figures\acf_instrument_SP.svg,42303
figures\acf_instrument_SS.png,44732
figures\acf_instrument_SS.svg,39703
figures\acf_instrument_TU.png,45889
figures\acf_instrument_TU.svg,40107
figures\acf_instrument_TY.png,42018
figures\acf_instrument_TY.svg,38146
figures\acf_instrument_UB.png,45666
figures\acf_instrument_UB.svg,39936
figures\acf_instrument_US.png,42312
figures\acf_instrument_US.svg,38745
figures\acf_instrument_UZ.png,45897
figures\acf_instrument_UZ.svg,39557
figures\acf_instrument_XU.png,46557
figures\acf_instrument_XU.svg,39571
figures\acf_instrument_XX.png,46336
figures\acf_instrument_XX.svg,39236
figures\acf_instrument_ZA.png,42576
figures\acf_instrument_ZA.svg,37939
figures\acf_instrument_ZB.png,43496
figures\acf_instrument_ZB.svg,39142
figures\acf_instrument_ZC.png,41817
figures\acf_instrument_ZC.svg,37926
figures\acf_instrument_ZD.png,46010
figures\acf_instrument_ZD.svg,39566
figures\acf_instrument_ZF.png,42717
figures\acf_instrument_ZF.svg,38761
figures\acf_instrument_ZG.png,42960
figures\acf_instrument_ZG.svg,39055
figures\acf_instrument_ZI.png,46451
figures\acf_instrument_ZI.svg,40041
figures\acf_instrument_ZK.png,43803
figures\acf_instrument_ZK.svg,38850
figures\acf_instrument_ZL.png,42608
figures\acf_instrument_ZL.svg,38534
figures\acf_instrument_ZM.png,47883
figures\acf_instrument_ZM.svg,41661
figures\acf_instrument_ZN.png,46195
figures\acf_instrument_ZN.svg,40149
figures\acf_instrument_ZO.png,43061
figures\acf_instrument_ZO.svg,39048
figures\acf_instrument_ZP.png,46789
figures\acf_instrument_ZP.svg,40302
figures\acf_instrument_ZR.png,43605
figures\acf_instrument_ZR.svg,39154
figures\acf_instrument_ZS.png,41172
figures\acf_instrument_ZS.svg,38594
figures\acf_instrument_ZT.png,43672
figures\acf_instrument_ZT.svg,39394
figures\acf_instrument_ZU.png,44016
figures\acf_instrument_ZU.svg,39504
figures\acf_instrument_ZW.png,46858
figures\acf_instrument_ZW.svg,40853
figures\acf_instrument_ZZ.png,42654
figures\acf_instrument_ZZ.svg,38609
figures\asset_class_member_counts.png,59772
figures\asset_class_member_counts.svg,37782
figures\class_mean_std.png,45794
figures\class_mean_std.svg,34522
figures\cumulative_asset_classes.png,201239
figures\cumulative_asset_classes.svg,85658
figures\cumulative_COMM.png,470270
figures\cumulative_COMM.svg,305075
figures\cumulative_common_classes.png,168366
figures\cumulative_common_classes.svg,42809
figures\cumulative_common_COMM.png,566357
figures\cumulative_common_COMM.svg,101817
figures\cumulative_common_EQ.png,351430
figures\cumulative_common_EQ.svg,66887
figures\cumulative_common_FI.png,284568
figures\cumulative_common_FI.svg,59785
figures\cumulative_common_FX.png,312010
figures\cumulative_common_FX.svg,55633
figures\cumulative_EQ.png,319144
figures\cumulative_EQ.svg,117948
figures\cumulative_FI.png,279797
figures\cumulative_FI.svg,115875
figures\cumulative_FX.png,342035
figures\cumulative_FX.svg,119754
figures\cumulative_instrument_AN.png,119576
figures\cumulative_instrument_AN.svg,41471
figures\cumulative_instrument_AP.png,104200
figures\cumulative_instrument_AP.svg,32055
figures\cumulative_instrument_AX.png,127709
figures\cumulative_instrument_AX.svg,37825
figures\cumulative_instrument_BN.png,129787
figures\cumulative_instrument_BN.svg,45362
figures\cumulative_instrument_CA.png,119462
figures\cumulative_instrument_CA.svg,34251
figures\cumulative_instrument_CB.png,98105
figures\cumulative_instrument_CB.svg,36125
figures\cumulative_instrument_CC.png,106384
figures\cumulative_instrument_CC.svg,42800
figures\cumulative_instrument_CN.png,132098
figures\cumulative_instrument_CN.svg,44957
figures\cumulative_instrument_CT.png,124793
figures\cumulative_instrument_CT.svg,44852
figures\cumulative_instrument_DA.png,123984
figures\cumulative_instrument_DA.svg,37959
figures\cumulative_instrument_DT.png,95657
figures\cumulative_instrument_DT.svg,39260
figures\cumulative_instrument_EC.png,87656
figures\cumulative_instrument_EC.svg,41483
figures\cumulative_instrument_FB.png,98776
figures\cumulative_instrument_FB.svg,39771
figures\cumulative_instrument_FN.png,143760
figures\cumulative_instrument_FN.svg,46397
figures\cumulative_instrument_GS.png,106029
figures\cumulative_instrument_GS.svg,40035
figures\cumulative_instrument_HS.png,115608
figures\cumulative_instrument_HS.svg,36452
figures\cumulative_instrument_JN.png,132793
figures\cumulative_instrument_JN.svg,43691
figures\cumulative_instrument_JO.png,130657
figures\cumulative_instrument_JO.svg,44532
figures\cumulative_instrument_KC.png,125057
figures\cumulative_instrument_KC.svg,44860
figures\cumulative_instrument_LB.png,107303
figures\cumulative_instrument_LB.svg,45814
figures\cumulative_instrument_LX.png,133747
figures\cumulative_instrument_LX.svg,38367
figures\cumulative_instrument_MD.png,104918
figures\cumulative_instrument_MD.svg,38368
figures\cumulative_instrument_MP.png,103462
figures\cumulative_instrument_MP.svg,33911
figures\cumulative_instrument_MW.png,121470
figures\cumulative_instrument_MW.svg,43396
figures\cumulative_instrument_ND.png,109888
figures\cumulative_instrument_ND.svg,38472
figures\cumulative_instrument_NK.png,116125
figures\cumulative_instrument_NK.svg,35958
figures\cumulative_instrument_RL.png,113784
figures\cumulative_instrument_RL.svg,36615
figures\cumulative_instrument_SB.png,91280
figures\cumulative_instrument_SB.svg,48216
figures\cumulative_instrument_SN.png,126025
figures\cumulative_instrument_SN.svg,43123
figures\cumulative_instrument_SP.png,117268
figures\cumulative_instrument_SP.svg,46288
figures\cumulative_instrument_SS.png,97620
figures\cumulative_instrument_SS.svg,38709
figures\cumulative_instrument_TU.png,88646
figures\cumulative_instrument_TU.svg,37005
figures\cumulative_instrument_TY.png,101433
figures\cumulative_instrument_TY.svg,43505
figures\cumulative_instrument_UB.png,95158
figures\cumulative_instrument_UB.svg,36601
figures\cumulative_instrument_US.png,111626
figures\cumulative_instrument_US.svg,47281
figures\cumulative_instrument_UZ.png,100210
figures\cumulative_instrument_UZ.svg,38523
figures\cumulative_instrument_XU.png,124772
figures\cumulative_instrument_XU.svg,36197
figures\cumulative_instrument_XX.png,115823
figures\cumulative_instrument_XX.svg,35520
figures\cumulative_instrument_ZA.png,110898
figures\cumulative_instrument_ZA.svg,40556
figures\cumulative_instrument_ZB.png,129692
figures\cumulative_instrument_ZB.svg,43914
figures\cumulative_instrument_ZC.png,116106
figures\cumulative_instrument_ZC.svg,46455
figures\cumulative_instrument_ZD.png,111687
figures\cumulative_instrument_ZD.svg,37820
figures\cumulative_instrument_ZF.png,128978
figures\cumulative_instrument_ZF.svg,44289
figures\cumulative_instrument_ZG.png,108269
figures\cumulative_instrument_ZG.svg,43107
figures\cumulative_instrument_ZI.png,92710
figures\cumulative_instrument_ZI.svg,43880
figures\cumulative_instrument_ZK.png,116770
figures\cumulative_instrument_ZK.svg,38868
figures\cumulative_instrument_ZL.png,131615
figures\cumulative_instrument_ZL.svg,47864
figures\cumulative_instrument_ZM.png,114891
figures\cumulative_instrument_ZM.svg,49778
figures\cumulative_instrument_ZN.png,116824
figures\cumulative_instrument_ZN.svg,39298
figures\cumulative_instrument_ZO.png,113824
figures\cumulative_instrument_ZO.svg,47502
figures\cumulative_instrument_ZP.png,122829
figures\cumulative_instrument_ZP.svg,44493
figures\cumulative_instrument_ZR.png,100476
figures\cumulative_instrument_ZR.svg,40379
figures\cumulative_instrument_ZS.png,137158
figures\cumulative_instrument_ZS.svg,49207
figures\cumulative_instrument_ZT.png,141252
figures\cumulative_instrument_ZT.svg,47058
figures\cumulative_instrument_ZU.png,115151
figures\cumulative_instrument_ZU.svg,42305
figures\cumulative_instrument_ZW.png,115918
figures\cumulative_instrument_ZW.svg,48170
figures\cumulative_instrument_ZZ.png,141315
figures\cumulative_instrument_ZZ.svg,46736
figures\instrument_mean_std.png,123573
figures\instrument_mean_std.svg,68065
parameters.json,243
quality\daily_return_outliers.csv,36248
quality\instrument_overview.csv,4356
quality\lecture3_column_summary.csv,107
quality\mapping_issues.csv,273
quality\monthly_price_coverage.csv,852788
quality\monthly_return_outliers.csv,3325
quality\quality_events.csv,742
quality\source_inventory.csv,6944
report.md,2411
returns\asset_class_equal_weight_returns.csv,44798
returns\asset_class_weights.csv,772719
returns\common_sample_returns.csv,90249
returns\cumulative_asset_class_returns.csv,41122
returns\cumulative_common_contiguous_sample.csv,86340
returns\cumulative_instrument_returns.csv,424522
returns\month_end_prices_62.csv,177054
returns\monthly_return_source.csv,79206
returns\monthly_returns_raw_62.csv,472498
returns\monthly_returns_recreated_58.csv,456052
returns\monthly_returns_unique_57.csv,452463
returns\reconciliation_all.csv,1886353
returns\reconciliation_differences.csv,1768
returns\reconciliation_summary.csv,833
statistics\asset_class_member_counts.csv,10293
statistics\asset_class_statistics.csv,759
statistics\autocorrelation_all_lags.csv,91325
statistics\autocorrelation_selected_lags.csv,15146
statistics\common_sample_asset_class_statistics.csv,760
statistics\common_sample_instrument_statistics.csv,8803
statistics\instrument_statistics.csv,8819
