ID,Name,Ccy,AssetClass,Ccy_original
AN,AustrialianDollar,USD,FX,USD
BN,BritishPound,USD,FX,USD
CN,CanadianDollar,USD,FX,USD
FN,Euro,USD,FX,USD
JN,JapaneseYen,USD,FX,USD
EC,EuroDollar,USD,FX,USD
MP,MexicanPeso,USD,FX,USD
SN,SwissFranc,USD,FX,USD
AP,AustralianEquity,AUD,EQ,AUD
LX,UKFTSE100Equity,GBP,EQ,BPN
CA,FranceCAC40Equity,EUR,EQ,EUR
HS,HongKongHSIEquity,HKD,EQ,HDK
NK,JapanNikkeiEquity,USD,EQ,USD
AX,GermanDaxEquity,EUR,EQ,EUR
XU,EuroDJEuroStoxx50Equity,EUR,EQ,EUR
XX,EuroDJStoxx50Equity,USD,EQ,USD
EN,NasdaqEquityMini,USD,EQ,USD
ND,Nasdaq100Equity,USD,EQ,USD
ER,Russell2000Mini,USD,EQ,USD
RL,Russell2000,USD,EQ,USD
ES,SP500Mini,USD,EQ,USD
SP,SP500,USD,EQ,USD
SC,SP500,USD,EQ,USD
MD,SP400Mini,USD,EQ,USD
YM,DowJonesMini,USD,EQ,USD
ZD,DowJones,USD,EQ,USD
BC,BrentCrudeOil,USD,COMM,USD
BG,BrentGasOil,USD,COMM,USD
ZL,SoybeanOil,USD,COMM,USD
ZU,CrudeOil,USD,COMM,USD
ZB,RbobOil,USD,COMM,USD
ZH,HeatingOil,USD,COMM,USD
ZN,NaturalGas,USD,COMM,USD
CC,Cocoa,USD,COMM,USD
CT,Cotton,USD,COMM,USD
DA,Milk,USD,COMM,USD
JO,OrangeJuice,USD,COMM,USD
KC,Coffee,USD,COMM,USD
ZC,Corn,USD,COMM,USD
ZS,Soybeans,USD,COMM,USD
ZM,SoybeanMeal,USD,COMM,USD
ZO,Oats,USD,COMM,USD
LB,Lumber,USD,COMM,USD
MW,Wheat,USD,COMM,USD
ZW,WheatElectronic,USD,COMM,USD
ZR,RiceRough,USD,COMM,USD
SB,Sugar,USD,COMM,USD
ZG,Gold,USD,COMM,USD
ZI,Silver,USD,COMM,USD
ZK,Copper,USD,COMM,USD
ZA,Palladium,USD,COMM,USD
ZP,Platinum,USD,COMM,USD
ZF,CattleFeeder,USD,COMM,USD
ZT,CattleLive,USD,COMM,USD
ZZ,LeanHogs,USD,COMM,USD
FB,TNotes5year,USD,FI,USD
TU,TNotes2year,USD,FI,USD
TY,TNotes10year,USD,FI,USD
US,TBonds,USD,FI,USD
FF,FedFunds,USD,FI,USD
UB,GermanyEuroBobl,EUR,FI,EUR
UZ,GermanyEuroSchatz,EUR,FI,EUR
SS,UKSterlingShort,GBP,FI,BPN
GS,UKGiltLongBond,GBP,FI,BPN
CB,Canada10yearBond,CAD,FI,CND
DT,EuropeEuroBondBund,EUR,FI,EUR
