Date,SG Trend,Mkt-RF,SMB,HML,Mom,RMW,CMA,RF,GSCI,Month
2000-01-31,0.01971400000000001,-0.047400000000000005,0.0421,-0.011200000000000002,0.018600000000000002,-0.061500000000000006,0.045599999999999995,0.0040999999999999995,0.06080019656908808,2000-01
2000-02-29,-0.024030267310245823,0.0245,0.18460000000000001,-0.0977,0.18,-0.1895,-0.0113,0.0043,0.04673173903920769,2000-02
2000-03-31,-0.03027200289386167,0.0521,-0.15539999999999998,0.085,-0.06849999999999999,0.1165,-0.012,0.004699999999999999,-0.04225474042967681,2000-03
2000-04-28,-0.03399293117794011,-0.0635,-0.0475,0.0645,-0.086,0.08070000000000001,0.056299999999999996,0.0046,-0.01775412494592321,2000-04
2000-05-31,-0.011471912317905564,-0.043899999999999995,-0.038599999999999995,0.045899999999999996,-0.08990000000000001,0.0405,0.0147,0.005,0.09839450613532419,2000-05
2000-06-30,-0.02978139764014487,0.046799999999999994,0.09949999999999999,-0.08039999999999999,0.166,-0.08310000000000001,-0.0317,0.004,0.056050296792472754,2000-06
2000-07-31,-0.023758130754158113,-0.0248,-0.009399999999999999,0.0806,-0.0016,0.0572,0.0298,0.0048,-0.09497496327112087,2000-07
2000-08-31,0.03176678012081657,0.0703,-0.0095,-0.0137,0.0559,-0.030600000000000002,0.0121,0.005,0.14565446066785803,2000-08
2000-09-29,-0.06776316812158711,-0.054400000000000004,0.0027,0.0724,0.0189,0.027000000000000003,0.0554,0.0051,-0.028295965446638816,2000-09
2000-10-31,0.032271588734065215,-0.0278,-0.0258,0.0558,-0.045599999999999995,0.09539999999999998,0.0371,0.005600000000000001,-0.003239806756938357,2000-10
2000-11-30,0.12617689410722188,-0.107,-0.0034999999999999996,0.12240000000000001,-0.0217,0.1305,0.08349999999999999,0.0051,0.08309651439987276,2000-11
2000-12-29,0.14406727565560584,0.0118,0.0326,0.0755,0.0659,0.0192,0.0482,0.005,-0.036898948452321556,2000-12
2001-01-31,0.009960954990775983,0.0325,0.052300000000000006,-0.050499999999999996,-0.253,-0.052000000000000005,-0.0521,0.0054,-0.08079459363357988,2001-01
2001-02-28,0.010929407518999623,-0.1003,0.0287,0.1223,0.126,0.09119999999999999,0.0901,0.0038,-0.021971718296753484,2001-02
2001-03-30,0.08331484094941799,-0.0725,0.0233,0.0647,0.08650000000000001,0.0334,0.037200000000000004,0.0042,-0.041662424668876485,2001-03
2001-04-30,-0.08366387417344556,0.0794,-0.0088,-0.0464,-0.0801,-0.0318,-0.0319,0.0039000000000000003,0.054021353015750284,2001-04
2001-05-31,0.010289247581651395,0.0068000000000000005,0.0355,0.0338,0.0215,0.0029,0.0195,0.0032,-0.02946476951173005,2001-05
2001-06-29,-0.02350952283915908,-0.0194,0.0669,-0.0126,0.0062,0.015700000000000002,-0.0167,0.0028000000000000004,-0.06873886839478816,2001-06
2001-07-31,-0.029034650272989238,-0.0213,-0.0286,0.0495,0.0548,0.0729,0.028999999999999998,0.003,-0.004659920538584994,2001-07
2001-08-31,0.028533082436284163,-0.064,0.0254,0.0286,0.0546,0.0381,0.0653,0.0031,0.006359309934562907,2001-08
2001-09-28,0.04037243406756508,-0.0924,-0.0574,0.0152,0.113,0.050300000000000004,0.0335,0.0028000000000000004,-0.10484880011507236,2001-09
2001-10-31,0.07210402910194302,0.0248,0.053399999999999996,-0.0731,-0.0832,-0.0298,-0.0436,0.0022,-0.03487652860307877,2001-10
2001-11-30,-0.13597195476419244,0.0753,-0.0036,0.0217,-0.0861,-0.0349,-0.0168,0.0017000000000000001,-0.03310231183056278,2001-11
2001-12-31,0.03854378761878885,0.0161,0.051100000000000007,0.0083,0.0002,0.0026,-0.0028000000000000004,0.0015,-0.0024638065752616845,2001-12
2002-01-31,-0.007130728529634478,-0.0144,0.0128,0.0342,0.0365,0.0473,0.028300000000000002,0.0014000000000000002,-0.018512366012206294,2002-01
2002-02-28,-0.039225418908955034,-0.022799999999999997,-0.0038,0.023399999999999997,0.0683,0.0803,0.051,0.0013,0.06327574586344165,2002-02
2002-03-29,0.0031674076384118344,0.0424,0.0415,0.0108,-0.0169,-0.0183,0.0066,0.0013,0.13990056143081864,2002-03
2002-04-30,-0.024894074244006137,-0.0521,0.0663,0.0401,0.077,0.045899999999999996,0.0535,0.0015,0.01493331690088695,2002-04
2002-05-31,0.0503620679886958,-0.013600000000000001,-0.030699999999999998,0.0152,0.030899999999999997,0.0231,0.0253,0.0014000000000000002,-0.04869440721842555,2002-05
2002-06-28,0.13104564258450835,-0.0723,0.037599999999999995,0.0037,0.062400000000000004,0.0392,0.026600000000000002,0.0013,0.04369083200755153,2002-06
2002-07-31,0.07341213709397132,-0.0819,-0.0633,-0.0351,0.0363,0.0384,-0.011000000000000001,0.0015,0.003098485278126395,2002-07
2002-08-30,0.03863285012149942,0.005,-0.0128,0.0301,0.0187,0.0137,-0.013999999999999999,0.0014000000000000002,0.05813825435781261,2002-08
2002-09-30,0.058401659400866945,-0.10339999999999999,0.0305,0.0126,0.09179999999999999,0.0329,-0.0229,0.0014000000000000002,0.05712622380481558,2002-09
2002-10-31,-0.06781674231391532,0.0784,-0.0429,-0.037599999999999995,-0.0558,-0.0316,0.0073,0.0014000000000000002,-0.04440245651370367,2002-10
2002-11-29,-0.05410833276995752,0.0596,0.0294,-0.0116,-0.16399999999999998,-0.0925,0.0516,0.0012,0.0003932426652193399,2002-11
2002-12-31,0.09346330943411774,-0.0576,0.0055000000000000005,0.021099999999999997,0.09720000000000001,0.0632,-0.0179,0.0011,0.08112602495994414,2002-12
2003-01-31,0.07640044390196077,-0.025699999999999997,0.0070999999999999995,-0.0079,0.0159,-0.009300000000000001,0.0069,0.001,0.07780982768320865,2003-01
2003-02-28,0.07407595641868614,-0.018799999999999997,-0.0087,-0.013600000000000001,0.0121,0.0079,-0.0068000000000000005,0.0009,0.09911407078437917,2003-02
2003-03-31,-0.09117534637512115,0.0109,0.0077,-0.021099999999999997,0.013999999999999999,0.0168,-0.008100000000000001,0.001,-0.16618037706589328,2003-03
2003-04-30,0.0076414179593944365,0.0818,0.011399999999999999,0.012199999999999999,-0.0935,-0.046799999999999994,0.0098,0.001,-0.07164321496408621,2003-04
2003-05-30,0.07354844770721014,0.0605,0.0478,0.006999999999999999,-0.107,-0.0694,0.030699999999999998,0.0009,0.09091132529762902,2003-05
2003-06-30,-0.05361547376014031,0.014199999999999999,0.0165,0.0014000000000000002,-0.0123,0.0044,-0.004,0.001,-0.008666413026613085,2003-06
2003-07-31,-0.015362179277602972,0.0233,0.044000000000000004,-0.015300000000000001,-0.003,-0.038900000000000004,0.0152,0.0007000000000000001,-0.00019939726281159587,2003-07
2003-08-29,0.028622523450748005,0.0233,0.023700000000000002,0.016399999999999998,-0.0053,-0.0229,0.0215,0.0007000000000000001,0.03989898621654242,2003-08
2003-09-30,-0.04374242722637911,-0.0124,0.005699999999999999,0.0014000000000000002,-0.0007000000000000001,0.009000000000000001,0.0040999999999999995,0.0008,-0.04052066534960552,2003-09
2003-10-31,0.03258098019813471,0.0608,0.0263,0.022099999999999998,0.0401,-0.0138,0.0165,0.0007000000000000001,0.025168676687540525,2003-10
2003-11-28,-0.0014139918489083358,0.013500000000000002,0.0231,0.0172,0.013600000000000001,0.0021,0.0168,0.0007000000000000001,0.03066675891391446,2003-11
2003-12-31,0.04175628235754747,0.0429,-0.025099999999999997,0.0151,-0.0554,0.005699999999999999,0.0085,0.0008,0.05996748618406933,2003-12
2004-01-30,0.013901550838397503,0.0215,0.0246,0.0242,0.025699999999999997,-0.036000000000000004,0.0333,0.0007000000000000001,-0.0017478853810919404,2004-01
2004-02-27,0.06879831188225749,0.013999999999999999,-0.0092,0.0095,-0.011699999999999999,0.0213,-0.011699999999999999,0.0006,0.07138968349174113,2004-02
2004-03-31,-0.019591439312586,-0.0132,0.021099999999999997,0.0023,0.0019,0.0165,-0.0098,0.0009,0.012442240529169313,2004-03
2004-04-30,-0.07667922733373256,-0.0182,-0.0206,-0.0323,-0.053399999999999996,0.0346,-0.028300000000000002,0.0008,0.026192504183463416,2004-04
2004-05-31,-0.02455996380950276,0.0118,-0.004,-0.0018,0.0149,-0.011699999999999999,0.0001,0.0006,0.04110500351971358,2004-05
2004-06-30,-0.045962468352078845,0.018600000000000002,0.0252,0.0121,0.0208,0.011200000000000002,-0.0031,0.0008,-0.04995577490788372,2004-06
2004-07-30,-0.01880824767217948,-0.0404,-0.0292,0.0322,-0.022400000000000003,0.0521,-0.0168,0.001,0.07376256000849302,2004-07
2004-08-31,-0.002204285527979466,0.0008,-0.0118,0.0108,-0.0155,0.0121,-0.013500000000000002,0.0011,-0.03864411586404992,2004-08
2004-09-30,0.021552403859131042,0.016,0.0322,-0.0005,0.0548,-0.0149,-0.0172,0.0011,0.14255093279530073,2004-09
2004-10-29,0.05114597609794469,0.014199999999999999,0.0015,-0.0026,-0.0143,-0.0053,0.0040999999999999995,0.0011,0.05186466934807621,2004-10
2004-11-30,0.06336820198548221,0.0453,0.0412,0.015700000000000002,0.0308,-0.0052,-0.0018,0.0015,-0.03588326166533229,2004-11
2004-12-31,0.006201690238978763,0.0341,-0.0004,-0.0023,-0.0285,-0.010700000000000001,0.0039000000000000003,0.0016,-0.0935306306508844,2004-12
2005-01-31,-0.0609125318251007,-0.0275,-0.0111,0.0206,0.0296,0.027999999999999997,-0.0141,0.0016,0.06768989842086426,2005-01
2005-02-28,0.008567316605570197,0.018799999999999997,-0.003,0.0141,0.034300000000000004,0.0132,-0.0021,0.0016,0.07351904834881329,2005-02
2005-03-31,0.004197333420369764,-0.019299999999999998,-0.0141,0.0207,0.0043,0.0044,0.0134,0.0021,0.07803500939011077,2005-03
2005-04-29,-0.03823629786362703,-0.026000000000000002,-0.0397,0.0005,-0.0068000000000000005,0.0097,-0.0085,0.0021,-0.0780369535540314,2005-04
2005-05-31,0.029412639385103523,0.0365,0.0276,-0.0058,0.0037,-0.0102,0.0028000000000000004,0.0024,0.0034004796352917754,2005-05
2005-06-30,0.03616490846334108,0.0058,0.0326,0.027999999999999997,0.0207,0.0087,-0.0052,0.0023,0.070162397668448,2005-06
2005-07-29,0.00283689830761924,0.0392,0.0276,-0.0078000000000000005,0.0003,-0.011899999999999999,-0.0078000000000000005,0.0024,0.05848290585350413,2005-07
2005-08-31,0.016589062743861627,-0.012,-0.009399999999999999,0.0134,0.0207,-0.0196,0.0038,0.003,0.15709417187604924,2005-08
2005-09-30,-2.6726949404753952e-05,0.0048,-0.0031,0.0078000000000000005,0.0346,0.0026,-0.0060999999999999995,0.0029,0.009478218564435315,2005-09
2005-10-31,-0.004487139642719407,-0.0204,-0.015,0.0043,-0.011899999999999999,-0.006999999999999999,-0.0126,0.0027,-0.0994191364459669,2005-10
2005-11-30,0.04239258092371312,0.0361,0.009000000000000001,-0.0118,0.0034000000000000002,-0.0079,-0.0109,0.0031,-0.01647692244753385,2005-11
2005-12-30,-0.0239455356912891,-0.0024,-0.0025,0.0015,0.0078000000000000005,0.0018,0.002,0.0032,0.0380198918704735,2005-12
2006-01-31,0.0161114929549806,0.030299999999999997,0.0583,0.009899999999999999,0.0252,-0.0066,-0.0034999999999999996,0.0034999999999999996,0.051414870793988765,2006-01
2006-02-28,-0.018738064494308926,-0.003,-0.0046,-0.0031,-0.0178,-0.0054,0.019799999999999998,0.0034000000000000002,-0.0838379946347172,2006-02
2006-03-31,0.035995735954129415,0.0147,0.0334,0.0060999999999999995,0.0126,0.0003,-0.0044,0.0037,0.06409879991641465,2006-03
2006-04-28,0.041383481302636804,0.0073,-0.0079,0.0226,0.006,0.0174,-0.0013,0.0036,0.07291732106418025,2006-04
2006-05-31,-0.021284279104792803,-0.0356,-0.028999999999999998,0.023799999999999998,-0.0366,0.0087,0.015300000000000001,0.0043,-0.0004880090263766901,2006-05
2006-06-30,-0.01813554708288323,-0.0034000000000000002,-0.0024,0.0085,0.0155,0.0132,-0.0013,0.004,0.021326734584387053,2006-06
2006-07-31,-0.027864583951728417,-0.0077,-0.036000000000000004,0.0262,-0.0204,0.0163,0.0084,0.004,0.028002871200574875,2006-07
2006-08-31,0.008830367180834964,0.0203,0.0045000000000000005,-0.0195,-0.0336,-0.0181,0.021400000000000002,0.0042,-0.0649869663195568,2006-08
2006-09-29,-0.0024751950827819336,0.0184,-0.0139,0.0006,-0.0098,0.0078000000000000005,0.0046,0.0040999999999999995,-0.08117041737144426,2006-09
2006-10-31,0.017038634578997902,0.0322,0.019799999999999998,-0.0033,-0.0025,-0.0011,0.0032,0.0040999999999999995,0.0027356406316692006,2006-10
2006-11-30,0.024249096051265573,0.017,0.0063,0.0004,-0.0104,0.002,-0.008,0.0042,0.08021703337858543,2006-11
2006-12-29,0.027519178665529553,0.0085,-0.008100000000000001,0.0274,0.0079,-0.006500000000000001,0.018799999999999997,0.004,-0.0647224210049101,2006-12
2007-01-31,0.01710565628470717,0.0138,0.0002,-0.0068000000000000005,0.0017000000000000001,0.0019,0.004,0.0044,-0.014824747807257732,2007-01
2007-02-28,-0.04005556196569404,-0.0196,0.013300000000000001,-0.0008,-0.0129,-0.0052,-0.0066,0.0038,0.04979567798907247,2007-02
2007-03-30,-0.023220096482813535,0.0070999999999999995,0.0014000000000000002,-0.0088,0.0258,0.0055000000000000005,-0.0067,0.0043,0.04375468515115344,2007-03
2007-04-30,0.05160675146520921,0.0349,-0.0208,-0.0144,-0.0016,0.0118,0.0101,0.0044,0.013563120173461618,2007-04
2007-05-31,0.05836025539925216,0.032400000000000005,0.0033,-0.0059,-0.0033,0.0147,-0.0126,0.0040999999999999995,-0.008042968899016678,2007-05
2007-06-29,0.023100210764252838,-0.0196,0.006999999999999999,-0.0105,0.0052,0.0049,0.0006,0.004,0.039316006867127884,2007-06
2007-07-31,-0.048542325878120574,-0.037200000000000004,-0.0305,-0.0368,0.028399999999999998,0.0026,-0.0116,0.004,0.054766207640978726,2007-07
2007-08-31,-0.06946992072981029,0.009399999999999999,-0.0033,-0.0187,-0.0003,-0.0127,-0.005699999999999999,0.0042,-0.03999875954808796,2007-08
2007-09-28,0.06129871477664839,0.0322,-0.024399999999999998,-0.0217,0.0443,-0.0049,-0.0294,0.0032,0.10262182417262955,2007-09
2007-10-31,0.06035565225507944,0.0179,-0.0003,-0.0287,0.050300000000000004,-0.0033,0.0006,0.0032,0.09737005454715231,2007-10
2007-11-30,-0.009632801828052595,-0.048,-0.0291,-0.0109,0.011200000000000002,0.0175,-0.0036,0.0034000000000000002,-0.03557924947022406,2007-11
2007-12-31,0.013246424121538869,-0.0087,0.0018,-0.0051,0.06559999999999999,0.009000000000000001,-0.010700000000000001,0.0027,0.05567945299807775,2007-12
2008-01-31,0.026117259802457493,-0.0632,-0.0063,0.04,-0.0774,0.0212,0.0206,0.0021,-0.002935252364508756,2008-01
2008-02-29,0.07169071063277599,-0.030899999999999997,-0.0064,-0.0072,0.0613,0.010700000000000001,-0.0097,0.0013,0.11736124580441754,2008-02
2008-03-31,-0.013752396092558739,-0.009399999999999999,0.0059,0.0031,0.0425,0.0089,0.004699999999999999,0.0017000000000000001,-0.015983159207859088,2008-03
2008-04-30,-0.01715926762217934,0.0461,-0.0116,-0.0096,-0.0033,0.0181,-0.0256,0.0018,0.07796828586079196,2008-04
2008-05-30,0.025854928092037488,0.0187,0.0304,-0.015,0.0339,0.0092,0.0014000000000000002,0.0018,0.09085979527561228,2008-05
2008-06-30,0.05394540184604213,-0.0843,0.0116,-0.025099999999999997,0.127,0.049800000000000004,-0.0069,0.0017000000000000001,0.09690776434273296,2008-06
2008-07-31,-0.05047293314600543,-0.0075,0.0371,0.052000000000000005,-0.050199999999999995,-0.013600000000000001,0.009899999999999999,0.0015,-0.11892550958555137,2008-07
2008-08-29,-0.028999227018103202,0.015300000000000001,0.032799999999999996,0.0152,-0.044800000000000006,0.0183,0.0066,0.0013,-0.06845970594541695,2008-08
2008-09-30,0.009760668775098402,-0.0935,0.0038,0.056600000000000004,0.0086,0.024,0.017,0.0015,-0.12132778653291076,2008-09
2008-10-31,0.0731375801937546,-0.172,-0.030600000000000002,-0.0189,0.0787,0.0273,0.0138,0.0008,-0.27766911964412266,2008-10
2008-11-28,0.028186680754867632,-0.0774,-0.04,-0.0621,0.0728,0.0467,0.0239,0.0003,-0.13085673729200087,2008-11
2008-12-31,0.02105974875083305,0.0177,0.0333,0.0005,-0.0509,0.0003,-0.0152,0.0,-0.10651075398186594,2008-12
2009-01-30,-0.0030962480454070906,-0.0809,-0.0209,-0.11019999999999999,-0.0236,0.0,-0.0116,0.0,-0.036766770380302516,2009-01
2009-02-27,0.005390633530511835,-0.1014,-0.011699999999999999,-0.066,0.0436,0.0101,-0.0062,0.0001,0.00010410315135112036,2009-02
2009-03-31,-0.029680222623218233,0.0901,0.0059,0.0348,-0.11800000000000001,-0.0258,-0.02,0.0002,0.06628003806804661,2009-03
2009-04-30,-0.024598206056945182,0.1017,0.07139999999999999,0.0538,-0.34299999999999997,0.0134,0.005,0.0001,0.0204225077121325,2009-04
2009-05-29,0.00492558796730358,0.052000000000000005,-0.022400000000000003,0.0040999999999999995,-0.125,-0.008100000000000001,-0.0199,0.0,0.21103026393474877,2009-05
2009-06-30,-0.031233404322805747,0.0042,0.0227,-0.0276,0.0545,-0.0141,-0.0037,0.0001,0.016169623047355586,2009-06
2009-07-31,0.0018751423662903832,0.0774,0.0231,0.0489,-0.0554,-0.0026,0.0308,0.0001,0.015970076651925513,2009-07
2009-08-31,0.015699959850232093,0.0333,-0.001,0.076,-0.091,-0.0285,0.033,0.0001,-0.007914177089550445,2009-08
2009-09-30,0.024015344669009897,0.0408,0.027200000000000002,0.0115,-0.0487,0.0115,0.0034000000000000002,0.0001,0.019747150094648003,2009-09
2009-10-30,-0.02937890537857668,-0.0255,-0.048499999999999995,-0.0417,0.024900000000000002,0.042199999999999994,-0.0148,0.0,0.07360377570513532,2009-10
2009-11-30,0.05171926627990575,0.0558,-0.0276,-0.0033,0.0039000000000000003,0.009000000000000001,0.0,0.0,0.03173459364583486,2009-11
2009-12-31,-0.030903030151131605,0.0274,0.061399999999999996,-0.0011,0.03,0.0070999999999999995,-0.0009,0.0001,0.02350294786703966,2009-12
2010-01-29,-0.038325524668755606,-0.0335,0.004,0.0033,-0.0533,-0.0108,0.0051,0.0,-0.07334056394997535,2010-01
2010-02-26,0.01973914528656362,0.0339,0.0149,0.0318,0.0369,-0.0029,0.014199999999999999,0.0,0.06446430591695895,2010-02
2010-03-31,0.04898231691490085,0.063,0.0183,0.0219,0.035699999999999996,-0.0060999999999999995,0.0174,0.0001,0.02449351091048224,2010-03
2010-04-30,0.020250547151153153,0.02,0.0496,0.0296,0.0316,0.0060999999999999995,0.0175,0.0001,0.037313334301596335,2010-04
2010-05-31,-0.045035039405821764,-0.079,0.0008,-0.0248,-0.002,0.013000000000000001,-0.0024,0.0001,-0.11228113561272945,2010-05
2010-06-30,-0.00543835751009869,-0.0557,-0.0242,-0.0473,-0.027000000000000003,-0.001,-0.0158,0.0001,0.014305817576245605,2010-06
2010-07-30,-0.01620628095802945,0.0692,0.0004,-0.005,0.0178,0.0017000000000000001,0.0202,0.0001,0.0598412284900145,2010-07
2010-08-31,0.05446388830539828,-0.04769999999999999,-0.030600000000000002,-0.0173,0.0004,0.006,-0.016,0.0001,-0.04886920765459435,2010-08
2010-09-30,0.026392299200188152,0.0955,0.0365,-0.0302,0.0138,-0.0019,0.0038,0.0001,0.0939614794395407,2010-09
2010-10-29,0.049454403991133766,0.0387,0.0073,-0.0246,0.0146,0.0128,-0.0038,0.0001,0.03313897272114619,2010-10
2010-11-30,-0.03878905097952301,0.0059,0.0354,-0.009000000000000001,0.0273,0.0032,0.0179,0.0001,0.02070334656834949,2010-11
2010-12-31,0.05668011218631941,0.0682,0.0097,0.0356,-0.03,-0.0342,0.0317,0.0001,0.09723186996387878,2010-12
2011-01-31,-0.011494386560310765,0.019799999999999998,-0.0231,0.0060999999999999995,-0.003,-0.0064,0.008100000000000001,0.0001,0.037082759603057625,2011-01
2011-02-28,0.0185947269702047,0.0348,0.0165,0.0118,0.018799999999999997,-0.0183,0.0084,0.0001,0.054314317980648896,2011-02
2011-03-31,-0.0407721458382625,0.0046,0.0256,-0.0184,0.0345,0.0173,-0.0007000000000000001,0.0001,0.0503293044799884,2011-03
2011-04-29,0.047410079142064854,0.028999999999999998,-0.0053,-0.024399999999999998,0.0005,0.011200000000000002,-0.0086,0.0,0.0457126319561203,2011-04
2011-05-31,-0.05008614900090147,-0.0127,-0.0072,-0.018500000000000003,-0.006,0.0192,-0.0143,0.0,-0.06791075264565949,2011-05
2011-06-30,-0.0334210058438138,-0.0174,0.0006,-0.002,0.0182,0.0227,-0.014199999999999999,0.0,-0.054308175211379095,2011-06
2011-07-29,0.0475828598075958,-0.0235,-0.0111,-0.0091,0.002,0.0268,-0.0173,0.0,0.025760633923899157,2011-07
2011-08-31,-0.011756850331387847,-0.0596,-0.030899999999999997,-0.024300000000000002,-0.0027,0.0341,-0.0026,0.0001,-0.0166015625,2011-08
2011-09-30,-0.010836924370504986,-0.0757,-0.0349,-0.015300000000000001,-0.024,0.0199,0.0015,0.0,-0.12404215269234764,2011-09
2011-10-31,-0.04661263684021233,0.1134,0.0325,0.0006,-0.013999999999999999,-0.0225,-0.0073,0.0,0.0963790186125213,2011-10
2011-11-30,-0.0012821170543239058,-0.0027,-0.003,-0.0052,0.0388,0.0194,0.0144,0.0,0.015525649731464863,2011-11
2011-12-30,0.016554741487154523,0.0075,-0.0029,0.0154,0.0183,0.0106,0.024700000000000003,0.0,-0.019923406583386538,2011-12
2012-01-31,0.010623417345178243,0.050499999999999996,0.0202,-0.009300000000000001,-0.0801,-0.0206,-0.0148,0.0,0.02445302445302433,2012-01
2012-02-29,0.01536998658606814,0.044000000000000004,-0.0167,0.0042,-0.0026,-0.0036,-0.0008,0.0,0.06481201186656183,2012-02
2012-03-30,-0.022480572109249586,0.0311,-0.0048,0.011899999999999999,0.0131,-0.0060999999999999995,0.006999999999999999,0.0,-0.021023454157782506,2012-03
2012-04-30,0.00723114564867533,-0.0084,-0.005,-0.0077,0.037200000000000004,0.013000000000000001,0.0066,0.0,-0.005561121517039136,2012-04
2012-05-31,0.029522331674376456,-0.0617,-0.0008,-0.0095,0.0644,0.0203,0.0236,0.0001,-0.1294825370867888,2012-05
2012-06-29,-0.04743527622276733,0.039,0.0089,0.0055000000000000005,-0.011000000000000001,-0.0106,0.0045000000000000005,0.0,0.005434417980543449,2012-06
2012-07-31,0.051768823078123694,0.0079,-0.0281,-0.0006,0.03,0.0104,0.0001,0.0,0.06068997731215808,2012-07
2012-08-31,-0.020015591787767684,0.0254,0.0044,0.0123,-0.0235,-0.015,-0.0086,0.0001,0.06166839671605162,2012-08
2012-09-28,-0.02071786323335334,0.0273,0.005699999999999999,0.016200000000000003,-0.0113,-0.013000000000000001,0.015600000000000001,0.0001,-0.013777165459312846,2012-09
2012-10-31,-0.04858023086194063,-0.0176,-0.0083,0.0352,0.0005,-0.013999999999999999,0.0252,0.0001,-0.042044071921049087,2012-10
2012-11-30,0.0011481944550630896,0.0078000000000000005,0.004,-0.0086,0.0053,0.0038,0.008100000000000001,0.0001,0.01930253708407803,2012-11
2012-12-31,0.01274552349612934,0.0118,0.0192,0.0348,-0.029300000000000003,-0.0172,0.008,0.0001,-0.0053380509191599534,2012-12
2013-01-31,0.026821945753763954,0.0557,0.0042,0.0101,-0.0182,-0.020099999999999996,0.0152,0.0,0.04452658603730386,2013-01
2013-02-28,-0.009044092976459472,0.0129,-0.0025,0.0021,0.0123,-0.0059,0.0060999999999999995,0.0,-0.04021499326295208,2013-02
2013-03-29,0.018909134800138894,0.0403,0.0088,-0.0022,0.0192,0.0027,0.0141,0.0,0.010552135881890079,2013-03
2013-04-30,0.0385601661232875,0.015600000000000001,-0.022400000000000003,0.0044,0.0022,0.0039000000000000003,0.0043,0.0,-0.04672925730860222,2013-04
2013-05-31,-0.03658501298924588,0.0281,0.0204,0.026699999999999998,-0.020099999999999996,-0.02,-0.0095,0.0,-0.014380885273204802,2013-05
2013-06-28,-0.028689113275662925,-0.012,0.0154,-0.0005,0.0043,-0.0028000000000000004,-0.0006,0.0,-0.006759172001429947,2013-06
2013-07-31,-0.007865970636039887,0.0565,0.0175,0.0058,0.0174,-0.013500000000000002,0.005699999999999999,0.0,0.04472435792573215,2013-07
2013-08-30,-0.025280515709873552,-0.0271,-0.0003,-0.0273,0.0004,0.0070999999999999995,-0.0217,0.0,0.028826882124514563,2013-08
2013-09-30,-0.005947206379275483,0.0377,0.0265,-0.0118,0.0302,-0.0054,-0.0132,0.0,-0.03751617076325997,2013-09
2013-10-31,0.025481620433777552,0.0417,-0.015,0.012199999999999999,0.0002,0.0275,0.0089,0.0,-0.015623023402909553,2013-10
2013-11-29,0.027024078377464456,0.031200000000000002,0.0144,0.0019,0.0039000000000000003,0.0026,0.0006,0.0,-0.0038552978217566425,2013-11
2013-12-31,0.0064609536557036495,0.027999999999999997,-0.0044,0.0,0.0002,-0.0058,0.0008,0.0,0.01962523382571102,2013-12
2014-01-31,-0.04508147155872766,-0.033,0.006,-0.0199,0.0161,-0.0391,-0.0154,0.0,-0.01586297426813643,2014-01
2014-02-28,0.006425950283510007,0.046799999999999994,0.0013,-0.0034999999999999996,0.0213,-0.0025,-0.0054,0.0,0.04400797094462128,2014-02
2014-03-31,-0.02079114814636851,0.0040999999999999995,-0.0113,0.049,-0.0327,0.0202,0.0192,0.0,-0.0012120476987103057,2014-03
2014-04-30,0.010802525387056283,-0.0019,-0.0407,0.012199999999999999,-0.0382,0.034,0.009300000000000001,0.0,0.0056315952513421585,2014-04
2014-05-30,0.02963449601615542,0.0204,-0.018600000000000002,-0.001,0.0089,-0.0009,-0.0096,0.0,-0.004411725716237047,2014-05
2014-06-30,0.01392627582692163,0.026099999999999998,0.030600000000000002,-0.0070999999999999995,0.006500000000000001,-0.0183,-0.0191,0.0,0.013761474951064834,2014-06
2014-07-31,-0.010665160976041865,-0.0203,-0.042,-0.0008,-0.0017000000000000001,0.009300000000000001,0.0051,0.0,-0.05598428600777783,2014-07
2014-08-29,0.05505822023735729,0.0424,0.0029,-0.005699999999999999,0.0083,-0.0064,-0.0069,0.0,-0.017348166148895006,2014-08
2014-09-30,0.03334043269928344,-0.0196,-0.0366,-0.0147,0.006,0.012,-0.0059,0.0,-0.05994805842755768,2014-09
2014-10-31,0.017654772824131415,0.025099999999999997,0.0366,-0.0163,-0.0021,-0.0039000000000000003,0.0021,0.0,-0.06042481036277769,2014-10
2014-11-28,0.07290278955637097,0.0256,-0.023,-0.0313,0.0069,0.015700000000000002,0.0014000000000000002,0.0,-0.10652468539673388,2014-11
2014-12-31,0.0234979218207505,-0.0005,0.028300000000000002,0.0212,0.0103,-0.0121,0.009000000000000001,0.0,-0.13272817708069728,2014-12
