Month,AN,AP,AX,BN,CA,CB,CC,CN,CT,DA,DT,EC,FB,FN,GS,HS,JN,JO,KC,LB,LX,MD,MP,MW,ND,NK,RL,SB,SN,SP,SS,TU,TY,UB,US,UZ,XU,XX,ZA,ZB,ZC,ZD,ZF,ZG,ZI,ZK,ZL,ZM,ZN,ZO,ZP,ZR,ZS,ZT,ZU,ZW,ZZ
2008-10,-0.15605686032138444,-0.1444402289038541,-0.150059918744337,-0.09722447654601529,-0.14417686259299733,0.00011222085063411491,-0.1974716652136007,-0.11689943408961123,-0.22643152623557583,0.011023622047244164,0.008972959864192998,0.012533268229237837,0.009118758898092993,-0.09855706988677815,-0.00766905415997865,-0.2276729887453105,0.06756222836823378,-0.1417766776677668,-0.13377456366749285,-0.07318141980718673,-0.1195516441695903,-0.22169305869746392,-0.14900146677197335,-0.1329133310128786,-0.16136110586595998,-0.23333030935317067,-0.20916863207547165,-0.11976343026121239,-0.03339866078719578,-0.17141253065686957,0.017690264439879977,0.006515373722557838,-0.013495091650838842,0.023047515019115172,-0.03453798451970158,0.015301530153015275,-0.1579641172288162,-0.1146612131965955,-0.015541173465043023,-0.3970335934473407,-0.17641288618241513,-0.1439088911139773,-0.05285873785598827,-0.1845539063774262,-0.20732592551231233,-0.364706189333055,-0.24456928838951297,-0.04215938303341904,-0.12543581929242675,-0.2674222752473858,-0.1914472683001066,-0.20691321657883233,-0.1142529254618655,-0.07646154250565174,-0.3287205813059544,-0.2113955228231087,-0.14641627738632745
2008-11,-0.015012815818381542,-0.07741911642430854,-0.07350665428659853,-0.04560709576890809,-0.05841664835567284,0.03803859964093359,0.10809342748506245,-0.03171187696215039,0.05178722206585973,0.06152647975077885,0.04855185674798701,0.0024295647867724757,0.05234057406755266,-0.0032183517860873145,0.05502408965277694,0.0015757897019492706,0.032050333086602656,-0.07402659830155423,-0.013658622927606334,-0.02568951930654051,-0.020902981798534448,-0.09569459317049966,-0.036566610097581775,-0.06552020360156385,-0.11294342347378472,-0.0470950183410247,-0.11891891891891893,-0.01007838745800671,-0.04882994001858576,-0.07442584755836623,0.009288416425386359,0.01477510741770982,0.08716374242722957,0.020819987187700173,0.13532075689939083,0.006107171000788059,-0.06431591533843672,-0.08152616990053807,-0.03412482159076169,-0.21404313905461225,-0.12954162195308905,-0.05130162097064961,-0.0683639178704013,0.13941394139413932,0.04860524091293317,-0.09816404485152175,-0.03222607833415969,-0.0707192699946323,-0.05585506485265235,-0.12358097427791359,0.060982495765104616,-0.1354535430329057,-0.05358849642106156,-0.06225584026527575,-0.2334121471848678,0.008230173813139174,0.09105828950740058
2008-12,0.07360594795539033,0.01407942961286568,0.0251841953862999,-0.042197802197802226,-0.015324254814353844,0.0521024754080639,0.16176470588235303,-0.004080145719490003,0.02301311212202295,-0.2780630961115188,0.024985673352435622,0.00876816408946568,0.020081669876748087,0.09760889639860904,0.05746826962444618,0.029754332618046275,0.050634727103205934,-0.0974216992559267,-0.034903544190219904,-0.1245551601423488,0.03224805132096287,0.04614401443527627,-0.04128478242919642,0.07204714938657686,0.02067359871162,0.0532720725195579,0.05331024266071327,-0.007918552036199178,0.13100630606625807,0.006036243145011166,0.007402133740956662,0.005765350454050244,0.03952467043581542,0.013596904089530293,0.08285323771144859,0.005482670843939719,-0.002707313699270686,-0.01653944020356246,-0.028568869783270667,-0.16723111059208218,0.11278348280813932,-0.008038364744554993,0.025627273310998344,0.07978583340647782,0.1041246809082359,-0.14519287698683792,0.011014344262294973,0.1810830324909749,-0.14387235552722866,-0.032245723342624544,0.06111406776654227,0.16775189635497068,0.10444813501503658,-0.018257148060462636,-0.2363855421686748,0.08819512970051724,-0.0917570219928312
2009-01,-0.09210526315789469,-0.06754354781372196,-0.10289645184648799,-0.007867304792499752,-0.07928506184116324,-0.021576081372649658,0.03966244725738388,-0.001963079474236129,0.008108815066701691,-0.06046747967479682,-0.02012747400201287,-0.0018701222048410626,-0.007415194856113416,-0.08167308093916881,-0.04900052254950016,-0.08516994648318765,0.009830022527135052,0.0676763803680982,0.06114416759638042,-0.21138211382113825,-0.06515419826923718,-0.0742750368320817,-0.018143714293916702,-0.004199323620393991,-0.027423808462105792,-0.1362886111766093,-0.11106929202488014,0.07297605473204105,-0.08080728757656674,-0.08622164349635542,0.0015277489087508478,-0.0020063049800063126,-0.024478137771673292,-0.005365803322670448,-0.08217311743835809,0.003018500486855036,-0.09020475561426677,-0.06217094377087151,0.02438462247626072,0.14668349460103758,-0.0687980131240945,-0.0884618220309974,-0.03166729272083135,0.04787839375711256,0.11243611584327096,0.04150460866322114,-0.025842411958449385,0.037412886660960876,-0.21629454919530589,-0.023832382673518948,0.05291314887569998,-0.22818464014716022,0.0,-0.04858631297438509,-0.17178920795203534,-0.0699971925884334,-0.044187363780768596
2009-02,0.01163234172387484,-0.050684119117211046,-0.11806844781661152,-0.00832617458534346,-0.0914911758554674,0.011130946130421204,-0.13068181818181823,-0.031837562459531066,-0.14763881681369995,-0.0027041644131962084,0.021111491498345458,-0.0007080999781462483,-0.0033473834622278487,-0.0068807786520430625,0.02524306395820597,-0.03495957049524612,-0.08247143919421362,-0.04417310109534922,-0.07587395227943117,-0.007497656982193068,-0.0722327459880624,-0.0973332815775173,-0.04707464694014796,-0.040214714545542374,-0.05278796642449046,-0.06524706524706525,-0.12222841225626746,0.05472901168969191,-0.005467748825288332,-0.10734992106623442,-0.00228293918042477,-6.583399759318986e-05,-0.006594189935461681,0.008195870940969074,-0.017019978162606586,0.0035918842830793274,-0.11978830140188612,-0.1004651535808806,0.008234711785087612,0.01418613183319084,-0.07585503608409161,-0.11351369308030401,0.017581757262980835,0.01520440617485086,0.04052723692846194,0.03524657253939023,-0.05929778933680108,-0.12339422510312315,-0.0527358887725472,-0.09181371131038474,0.09479199745951106,0.06777641231892151,-0.11098918962854587,0.009691937737627221,-0.07848815057532565,-0.10133517676073989,-0.03453895455570222
2009-03,0.08256361922714417,0.07440708596416856,0.06907676467223411,0.002332244952355511,0.04035628275959757,0.021705265344272417,0.07983193277310918,0.006309387106136599,0.07427701674276999,0.0526030368763557,0.007375949932945769,0.0020764925393133016,0.018695971487888485,0.04615042395059121,0.03355349662535079,0.06544392614867434,-0.013408973697782267,0.09562276911516077,0.03441519451379449,0.08498583569405094,0.03347715540488472,0.09191769334967437,0.0785186094320518,0.0544352302932225,0.10910461793370518,0.12792056074766345,0.091901497842092,-0.07707808564231744,0.0241388196890302,0.08736207840989119,0.003255431786743035,0.005915029797720628,0.033715177850722755,0.0029841531179253256,0.051558253850195745,0.0008705745792223496,0.05427942231716476,0.023296452484330654,0.11800410604302414,0.022428554202339246,0.12743683331918643,0.08060414002101779,-0.002291023523168123,-0.020936807518911915,-0.009566360052562395,0.19889311656866138,0.08072988664639213,0.09451465447700991,-0.11674506800860585,-0.005096190597528194,0.035605511240028864,-0.015833711156837516,0.09174857142857129,-0.021000120690348845,0.07946746051434705,0.021572197327492937,0.003422669682352053
2009-04,0.05084450635556337,0.05608854556026244,0.161629997431727,0.03290785799760676,0.1347267847923157,-0.022362268753811643,-0.09381755296152183,0.0557763928423638,0.14990082176253905,-0.18547140649149918,-0.01342356334590633,0.0015672472078394062,-0.013682408765587684,-0.001657265074858305,-0.021182473142402736,0.1482676198499493,0.0032857889627362358,0.04663923182441709,-0.015611633875107,-0.0600522193211489,0.08290155440414515,0.14778276622558284,0.026145092460881925,0.04791933393239134,0.12606798153587917,0.06343863283272921,0.15524296675191818,0.10207423580786035,-0.0006710283509477888,0.09462124156195584,0.0008086253369272711,-0.0015776259609137089,-0.025311669499702205,-0.0037960398071201773,-0.05505366980960458,-0.0015463419348603624,0.1566294279634497,0.11456227782811745,-0.002714570858283416,0.01769076542045056,-0.026513915727658377,0.07458269065205947,0.04588822751570509,-0.03652540388667758,-0.05280475508146265,0.1137581403017065,0.07700179073931945,0.14027760717356585,-0.13748890448568407,0.00563452426687161,-0.019606470135144605,0.047060491158439355,0.1135583284482038,0.009796589274707168,-0.01669986211123009,-0.014717874523214491,-0.10876619059017512
2009-05,0.09693454846727434,0.00875002457872065,0.04832706905446216,0.08894896054579382,0.06384531922659598,-0.022561863173216956,0.08969465648854968,0.09053981827899515,0.04805322819122737,-0.0493358633776092,-0.02383897447430572,0.002675638868861574,-0.00782882440873145,0.06560509155145744,-0.01884793328767631,0.18542233896301963,0.03691849646445866,0.13089777195281793,0.18550013966047008,0.08425925925925926,0.043612956524732516,0.02678035306833193,0.057279103939671394,0.1728044680867209,0.03014064142027717,0.07353299245191147,0.030007849135588627,0.0846953937592867,0.06622460970287047,0.055291843631247284,0.001118730448113725,0.0012948426111001332,-0.019965588769556675,-0.009783728115344892,-0.02883866437983229,0.0005807763043268466,0.07074300787987409,0.08253273402384198,0.08454086942598682,0.3028160852937767,0.08116678052615978,0.044548711033908894,0.01892171645720153,0.09809639530174152,0.26658449125952477,0.07327362889497424,0.06959619952494056,0.1572767424324033,0.1048851047534709,0.23640646886540173,0.0807799442896937,-0.05763698514231552,0.12228322177934858,-0.02001351054392153,0.2730601433468369,0.18779284751238134,-0.008691565078559949
2009-06,0.013293051359516639,0.03251335230595309,-0.035097277632295754,0.020450381228205083,-0.03856312979395382,0.005744069779810568,-0.03546409807355522,-0.05913873096778399,-0.07547613449329882,-0.12242182302062543,0.015666397880428562,0.0006540751866883632,-0.0064952701249860745,-0.00551407912527202,0.006907375700809126,0.014813652469976013,-0.011269829875816484,-0.18730986527596694,-0.14155191371275977,-0.0038428693424422677,-0.032192097104030704,0.007685881370091963,0.00810279271010872,-0.17524312362909322,0.02924429331114564,0.031866636425493367,0.0166086990503731,0.06940639269406401,-0.016846414232858375,0.0015325956937799479,-0.0003104111913582175,-0.002738540940762757,-0.006276713408618573,0.00686427457098282,0.005976213753341453,0.0006771790654929166,-0.025488932686476562,-0.030899099528461926,0.056839152579907015,0.011741682974559575,-0.20335487255299356,-0.004936510431148733,0.012060347433617169,-0.053924461493065734,-0.13085021675661324,0.02886007861526796,-0.10170997113035751,0.04784510844270673,-0.03865211740496044,-0.13790617436531238,-0.01473698123182654,-0.007685677345209085,-0.0048917777926689165,0.04185768387482547,0.043693776390673955,-0.19389741932764848,-0.09078593845250715
2009-07,0.035778175313059046,0.07844062676986963,0.10691778077301373,0.013611352447147285,0.0908326530213186,-0.006663141195134781,0.1520653654108035,0.07653840811223778,0.044252288911495574,0.04245640636846093,0.010320970851763533,0.0017618678567170587,0.005788617586214739,0.015244839571560309,-0.0055888506389045745,0.10741399199684709,0.015536518077537309,0.15775401069518713,0.0663291756884512,-0.07393913416202313,0.08486129098220974,0.08686784944453652,-0.0016647591301633957,-0.04536860520762254,0.085183857384874,0.04121332014507084,0.09600599677096966,0.04269854824935959,0.015373528705260542,0.07525597481929358,0.0031361265214870926,0.0016620947373358064,0.008735394981194355,0.0068174775333127435,0.005412436551686772,0.0025135344160867046,0.09513901042983353,0.08965455575094627,0.05441084025983112,0.06207139089150693,-0.042322024513251955,0.087205613557638,-0.004619386837178663,0.027680311890838194,0.024989820846905708,0.15473038640705128,-0.0029666254635353217,-0.05143466287643239,-0.084149896491994,-0.12000477868705572,0.024347709437252618,0.11549040897575091,-0.016464646464646404,-0.003531343664307074,-0.02245675754910592,-0.023115746033516515,-0.038423971525535894
2009-08,0.012953367875647492,0.06273960612691476,0.02547225696044242,-0.025257142857142756,0.07010271394256606,0.0127768313458263,-0.045705279747832894,-0.015537634408602119,-0.004627374573794585,-0.026909090909090883,0.0031432420296362285,0.0021881000936239126,0.010352637824265765,0.005327479898224796,0.022654277783133114,-0.03334965573585236,0.019516728624535462,-0.0021555042340262176,-0.06509180346622445,-0.09858828974774358,0.07486177431515473,0.04338738958641608,-0.007972902553413208,-0.13036224976167765,0.014354655870445487,0.007283090563647843,0.02842712589656804,0.31081081081081074,0.008280104092737162,0.03585643541444905,0.002125486230770024,0.0052103124161022585,0.011806183857820285,0.0021545090797168154,0.016855033658925045,0.0015429122468659795,0.053111645141050934,0.05076725293361406,0.10416666666666652,-0.053311258278145646,-0.04211398121669552,0.039447315422075135,-0.046289608391169024,-0.002427921092564511,0.06787824618898641,0.07235314604132803,-0.005702950657079042,-0.010020603109196502,-0.27491635093244104,0.06482487102905243,0.024554740701938194,0.0034067681126503935,-0.002550409092465178,-0.039086436542538294,-0.020513435700575733,-0.10816278472341145,-0.10668170236209629
2009-09,0.047882921284455815,0.05893689568268301,0.03990693196405637,-0.016355962011959324,0.03899709783195893,0.007148864592094073,0.12386457473162671,0.02608268254054935,0.051871788597993795,0.022421524663676973,0.003133393017009878,0.0009045042828754735,0.007321035647271046,0.0219846408673392,0.0006748458714869177,0.0658065348341299,0.03274665170745372,-0.030242246566887787,0.04496788008565322,-0.060590500641848566,0.04161917287739292,0.0543038030207772,-0.00811577454430834,-0.08596592358794575,0.058196192629205834,-0.028816933878235362,0.05908532842234493,-0.019993751952514738,0.02252463632097612,0.03698325644777545,0.0015032175032174688,0.0028889207430689012,0.009464147217136176,0.004095004095004073,0.013569933691204517,0.0033699210475639507,0.03866928208904041,0.031049069373942473,0.019407865134835056,-0.03488982161594956,0.04321511305425951,0.023939614022848943,-0.003684312584836147,0.058487982963188356,0.11624662884776349,-0.0026523045278628032,-0.03566084788029922,-0.040298931037744734,0.2622172080042753,0.035570854847963185,0.042883619863232525,-0.05435555842980011,-0.05359257288967445,0.0018065418460027072,0.0046540110226576115,-0.08270622547078099,0.04954950614309794
2009-10,0.022237288135593225,-0.02591503725481037,-0.051799959880877045,0.02765361463734428,-0.050999802498196134,-0.006680584551148283,0.05033063923585601,-0.010889581980562668,0.07629681321237491,0.03289473684210531,0.003235162873717057,0.0005021659881070395,0.003095563560460146,0.005530935838877538,-0.00016791510867375514,0.038053988769569225,-0.004413362303096191,0.22084327764518696,0.06024590163934418,0.1079529926209346,-0.01767726367182021,-0.04613976451662127,0.026294187739970942,0.042709151813407065,-0.03027687925457445,-0.008955545964609457,-0.06831538102368429,-0.10168951227287226,0.010096374483708148,-0.018903897111096746,-0.00040094169896476295,0.0029526186436967805,0.0023768668412964544,0.0017332789559543205,-0.010041191959334617,0.00047980040303241545,-0.05055763288762394,-0.02128371341467261,0.08039077212806034,0.10972184470417679,0.06395921622593703,0.001139771975608772,-0.017876422071579134,0.03082560896744968,-0.02416062651003914,0.04841116930341105,0.060253426428756196,0.040216855593888656,-0.12787048300055792,0.0922745460141583,0.017955631817624607,0.08336467772268774,0.052094288304623815,-0.005227030979922942,0.08326222113860782,0.08032832644231602,0.14314569810038824
2009-11,0.017508953442100905,0.015346289583366701,0.04732302685109846,-0.0012178855187612303,0.025823331039813935,0.03121059268600246,-0.02728226652675758,0.02137322427894972,0.03868597363302362,-0.002123142250530896,0.013899699766485085,4.9767838328662606e-05,0.017152606005579107,0.01799501797811076,0.012999904422507091,0.005362609175642463,0.043033485644138336,0.03023589208914368,0.0242973107294715,0.16674888998519988,0.03907566625724801,0.04046234370456525,0.023246813561071278,0.11225026027465179,0.06124328663799816,-0.07033206314643436,0.03096809871081474,-0.0074520936834634455,0.01855217325458125,0.05982455562508915,-0.00029825571828201447,0.00632767665337286,0.02179977134820632,0.011603053435114585,0.02657740450765611,0.003548820257049501,0.031215803392303565,0.022165756260520197,0.1286904891600391,0.012328543435662809,0.09585960580272501,0.06932924399242113,-0.03295244647517648,0.1350202146939914,0.1374114232049859,0.06602821276045034,0.10268292682926838,0.08528380555292325,-0.11287874117683305,0.0008453561767358675,0.10095719703810735,0.04188366000694366,0.08601761370491001,-0.023624349453248206,-0.0037699752419535493,0.1481255702416613,0.036053908182606786
2009-12,-0.01368791552600701,0.042118838665030855,0.053653003511606956,-0.016200209034955226,0.07248494986047027,-0.029145011719148073,0.009349154980222929,0.010779086675236416,0.012276321265085155,-0.06595744680851057,-0.017109015134898042,0.00030070984464725115,-0.024583599561502023,-0.04350305318577652,-0.034013513750301705,0.00786601143751775,-0.07179285994507645,0.05452245414294743,-0.04261685266052073,-0.16744186046511622,0.040052780603128335,0.06316113075192487,-0.004210897904637023,-0.07273391812865493,0.05280071307937706,0.1473240426279423,0.08151463341043952,0.1902037897747586,-0.027730280276559327,0.018895288608958616,0.0006995668857956439,-0.007457870753616924,-0.03738926399629339,-0.007747258275480395,-0.059842149261356226,-0.0005734492975246752,0.05990615310639846,0.06420351302241056,0.11647884944861353,0.005968223243810078,-0.0071755254228195176,0.00895754646046143,0.03120251476029745,-0.07283670085365102,-0.09071120285231749,0.05336764920118475,-0.005529750055297544,-0.012747751680782349,0.14299860584502744,0.03553127991440963,0.003772965879265122,-0.04589518327779463,-0.01867838892944418,0.005244740286963534,0.0016379553798362423,-0.08025513989444177,-0.019062458816871852
2010-01,-0.011366640232619574,-0.06824630244491403,-0.06686230847502628,-0.009915599362568694,-0.05197793331351597,0.025191560827122927,-0.03206270039187742,-0.022172648521302185,-0.08674203494347377,-0.005315110098709219,0.020084802499442,0.0006520478111939898,0.018168155706724143,-0.032719232750487603,0.01057242045219886,-0.07881030332123362,0.031487743026204607,0.054702495201535584,-0.03125263958104574,0.05967496190959887,-0.039726172226040135,-0.03255655008346159,0.004279347715993254,-0.08119826566811195,-0.06428937459617223,-0.04736143717464525,-0.0367012290572063,0.10964253529588452,-0.0248508946322068,-0.036286550896742376,0.000411222255348509,0.007802904993391868,0.023413177815565067,0.014905698641249243,0.029794121139860907,0.005546523859615737,-0.0773887741693261,-0.05219597799279074,0.009293680297397744,-0.07231620299847674,-0.13992759105155095,-0.03357447277298842,0.02674135649017817,-0.012187851891104273,-0.03888063397721653,-0.08786649456020645,-0.11343416370106763,-0.10559830193685327,-0.07589713191372949,-0.17688961392060898,0.02380563272865932,-0.04632481346245443,-0.12827271698174236,-0.006987709801518416,-0.0875718957933912,-0.12465544464366951,0.01223347927104923
2010-02,0.016042780748663166,0.012536849266254091,0.007554087583166114,-0.046378539493293625,-0.008022185210674104,-0.001023855841097654,-0.0942215679057784,0.01679068676574058,0.19446320054017563,-0.041984732824427384,0.005688033253117508,0.0007034565634085332,0.005484122967033267,-0.017598133078027822,0.0021511819764641338,0.020319792443280305,0.01584374786587439,0.026615104640582476,-0.01572354462754666,0.034267912772585785,0.03652528144009248,0.05189794310246443,0.02561710496457459,0.035031547226669124,0.045562235847371735,-0.005464480874316946,0.04476051035348272,-0.18516513264753642,-0.01278130635928798,0.03083756211294797,-0.00020552661055805999,0.002662985412144714,0.006301361608830769,0.007593166150464459,0.0030292498048027916,0.005040418449833606,-0.004741961555634555,0.01602572122000634,0.04768940853998016,0.07562008469449477,0.05667075047906267,0.029349706525286345,0.021994996987236837,0.03238784952725804,0.01885252941681692,0.06883655109673503,0.08479678876066243,0.00949273212696533,-0.057952779216934314,-0.026689568606725222,0.022507183143556375,-0.05456785191104008,0.04096094981912635,0.028533225908751847,0.08744824176503307,0.0644907692509269,0.06122448979591821
2010-03,0.025789473684210362,0.055141412848733085,0.09807858207199449,-0.00406326186159911,0.07209799711821474,-0.014143691708516926,0.01787891101178385,0.03629805928053931,-0.02317693612210281,-0.02788844621513953,0.004241896889275676,-0.0002008463028952967,-0.009433960702043054,-0.008003459638565191,0.0030600252682859708,0.03614357964645776,-0.049411764705882266,-0.057832927099490394,0.03773696332604959,0.049351251158479936,0.060571458919751464,0.07148761397980019,0.04034220812744316,-0.08970976253298157,0.07687709230033479,0.10396466278819227,0.08237468237468248,-0.29700996677740865,0.019221604447974494,0.060259952921911664,0.00040085927783661823,-0.002227646374185821,-0.010506718887646982,0.002776400594943107,-0.013276659777293198,0.0008516275548826613,0.07617041092156374,0.061743520285661546,0.1065099642309657,0.05375220954523541,-0.11310461693967955,0.0533158606732691,0.08034074423457604,-0.005001299038711271,0.06082191780821922,0.08206449782485348,-0.0351526364477337,-0.015476540307571729,-0.20864323625951542,-0.09760401819045694,0.06546287141593377,-0.1123005951332886,-0.020815140876445648,0.04490833333333333,0.04711298022277788,-0.13240115045809064,0.01686922488376208
2010-04,0.011929194458696779,-0.012295516912021132,-0.010298822991658185,0.006527742907356471,-0.04082906395264252,0.002287140035346802,0.08023952095808373,-0.0017300863019656942,0.023919753086419693,0.028688524590164022,0.011047330228528107,-0.0010033759530221342,0.008843543662578446,-0.014951033064194319,0.010370423278097674,-0.005244172150627446,-0.004879773691654821,-0.0011759172154280906,-0.019548144775779708,0.015014351954073746,-0.018352988307168472,0.04251395233905075,0.007774469492887182,0.09292020656338495,0.021861303642140673,-0.004489118766468181,0.05671276535200054,-0.09451795841209831,-0.021430798004987484,0.015618062124751475,-0.0006986540634953409,0.002880806253316992,0.014247308520978441,0.00810837535844966,0.025296009594948377,0.003687245910938941,-0.0491965911189679,-0.04098945256553721,0.15793556967637068,0.033854365230651995,0.05892902036369718,0.015096401127643322,-0.0015479159362574713,0.05940335531039875,0.06170534011443096,-0.06225009286166894,0.00431447746883995,0.10347229131429692,-0.007942505088167295,0.011357653253102784,0.05963369963369969,0.010115836242462706,0.050559650559650615,0.007217539018574248,0.020027137042062382,0.08860819355052274,0.04131788946686821
2010-05,-0.08264672328558753,-0.07906612635844534,-0.02163465007865828,-0.051384385133449784,-0.0580521279526065,0.029457525152992492,-0.08462675535846265,-0.03264482912393074,-0.04841748304446125,-0.030278884462151434,0.03502945902517429,-0.001405502202447395,0.01427490525676367,-0.07394502275135573,0.03310439896571693,-0.05525759037933342,0.03439698671025515,0.037438191664704634,-0.007748788344893676,-0.26212747443985207,-0.058205376728051816,-0.0722990472666728,-0.04384833634253282,-0.058610738527821726,-0.07330739541188513,-0.11685128908930498,-0.07603339167900902,-0.06315240083507312,-0.06904515409731615,-0.08018742396593681,0.0004009787995311598,0.005676815508883548,0.023951250707857863,0.01951937224129474,0.03328664844081164,0.005840241145440794,-0.04477139780888206,-0.03548582139186174,-0.169112720543662,-0.1587875212036286,-0.04330415789556974,-0.07609480397761614,-0.06496087771719328,0.02748166861790624,-0.011638785973578814,-0.0742578871336036,-0.03389021479713605,-0.06690109097466412,0.08494798819101201,-0.10642570281124497,-0.11214048672566368,-0.07732788752307274,-0.061310049720215476,-0.04358876906266329,-0.1810684260934341,-0.0899581226433126,-0.05415751882833553
2010-06,0.0020726820505734267,-0.037251862593129736,-0.010223048327137607,0.032145674467525476,-0.014439071525744196,0.021460957178841333,-0.013322567622123582,-0.011137070835123164,-0.008711146307661788,0.024650780608052703,0.010039329331401392,0.001916208281665721,0.014396680800041306,-0.007080980298451389,0.02229538656697372,0.021644256299948594,0.0254208175884576,0.035519745801180225,0.22155601052939455,-0.13531839622641506,-0.05245910518903696,-0.06591886333894181,0.0026485518797361163,-0.009639048400328254,-0.060632114921865043,-0.03996003996003994,-0.07689841598297942,0.1470752089136491,0.0722840034217278,-0.05300736730075739,0.0009044100266184518,0.003151637257423845,0.022288841664272585,0.007023282663074948,0.039490441176695645,0.0010301554598239893,-0.024942625570113064,-0.03712990766106028,-0.04110588461169251,0.018148342977380327,-0.01520390437587904,-0.034738952292190595,0.042658645806762374,0.025427286356821677,0.013025369178341517,-0.05522136367068531,-0.03507905138339906,0.04319257899313933,0.05315103873077054,0.3073657927590512,-0.013393552406167242,-0.1652336766834085,-0.00046139081647722513,0.00868456564753406,0.006432330582808232,0.015628580157335925,-0.04919309225265722
2010-07,0.07349696635410918,0.047159031889477454,0.043654519710857764,0.049296223170498754,0.0578800258009029,0.0009863878477018861,0.04991816693944351,0.03286573995592468,0.031156381066506977,0.0617481956696071,-0.006762988011066673,0.002465784724617004,0.01247606782607158,0.06581025658407635,0.003799834207775632,0.04647075789136346,0.02385259631490788,-0.011726027397260252,0.06299533101879562,-0.02318445277872494,0.07468488295652675,0.06872948522936517,0.021768374709551175,0.34260117055944894,0.07148758120211829,0.0191929702855822,0.06878098064597604,0.21855269548324419,0.03494216194654953,0.06983164027976296,0.000811179907381776,0.0013566533351767607,0.010327679821320768,-0.00754753033342892,0.009558824974113866,-0.0027130695107120406,0.08376136620943608,0.06815843956301526,0.1251201345506967,0.03375527426160341,0.08270335651648031,0.0721491487753112,0.005969997111839875,-0.052693139949704704,-0.03767660910518056,0.12235927218477771,0.08986175115207362,0.10661356057799187,0.06674484463345554,0.07117392411510037,0.025677453301762743,0.08979196410361001,0.12003545117155046,0.038214678507526356,0.03653970303421561,0.377407619781728,0.05152194066749072
2010-08,-0.013487475915221592,-0.01702873392189941,-0.04167142693933501,-0.02306525037936269,-0.04165277834234371,0.029661016949152463,-0.12353858144972718,-0.03532814968303144,0.09432500484214601,0.031722054380664666,0.04632208810481786,0.0005772057543298459,0.010787534115594744,-0.030027413291948357,0.0420182399195721,-0.026586948692884915,0.026896145540213245,-0.06021290751829678,0.0024551761419948637,-0.02164048865619539,-0.00829787234042545,-0.04968975117669838,-0.04105326152004796,0.002492186548687103,-0.05141418119491237,-0.07759500850822465,-0.07389628229177436,0.009166998804304605,0.022970785477530287,-0.04551805729788172,0.000297533549472595,0.001355005623061567,0.021754012916515908,0.02185213708124767,0.059906791050360564,0.00525328330206376,-0.04593713402866739,-0.014536744135018043,-0.0001779581086610582,-0.09912536443148678,0.07993917671337014,-0.039454987627836724,0.0004357195452302509,0.056056303247314476,0.07636137652450858,0.01136957037740327,-0.01221517500587277,0.017912446639323676,-0.2277597602528839,-0.025377392131225363,-0.03380700764376954,0.04889346371590331,0.0049785690735244525,0.028278021091909578,-0.09423268560039855,-0.011390159011806511,-0.049034229918668126
2010-09,0.09270833333333339,0.04349434876210978,0.05448097040503086,0.025100963031997603,0.06431458710654359,0.0014355440712030543,0.028901734104046284,0.03889751387677842,0.1824778761061947,0.04758418740849191,-0.01183198580161704,0.0005526167033671481,0.004545159343326333,0.07701538340480774,-0.007504353337148384,0.09926095387662603,0.007774662248279274,0.11787610619469024,0.025772385125266695,0.0981091687477702,0.06693842523063709,0.1129314082268087,0.057114328507239076,0.02487610533475859,0.131142843777045,0.07416061984995692,0.12526315789473674,0.24210110584518163,0.03503880642001356,0.08918000555638672,0.00020513451695935991,0.0015686275825850249,0.003358203661624204,-0.006594441827602493,-0.00971996982770651,-0.004665920119447553,0.04968188838431575,0.011918457218490497,0.13828026271292027,0.10060101710587133,0.12861884168330917,0.07850716103653155,-0.02999753537413352,0.04741026540395188,0.12294312933025409,0.08352695439930535,0.1258026159334127,0.03963489844585166,-0.028535313262334827,0.23574608207817538,0.08590846341722425,0.1080381836024622,0.09578097831435972,0.0019912201797480655,0.09874166265557305,-0.017133666066090902,0.0298991771931858
2010-10,0.016325071496663623,0.010218883981818916,0.062378112546281894,0.01951633432329225,0.03332855104692212,-0.0005733944954128267,-0.006050129645635227,0.008239508700102371,0.2290076335877862,-0.03983228511530401,-0.015765316304130916,0.00035099184181142107,0.0058819625071919734,0.01863047726899114,-0.007721045459561426,0.03190361660940999,0.03566460098646784,0.00369432130040126,0.11145185314991668,0.1322287199480181,0.02377840337824244,0.03424503913212851,0.021866439973552643,0.07732056508959895,0.06338949229472868,-0.02289901534234029,0.04106074779601454,0.24038155802861683,-0.004295282469423456,0.03782914099595813,0.00020509244541977445,0.0022780662611654456,0.001859434855747244,-0.007302038880986239,-0.020799275669809325,-0.0015938496156009396,0.04028109473221875,0.027107310722515265,0.12928446334751076,0.018818785180206632,0.17398444362405008,0.031987132567766086,-0.012544116725720977,0.036669085226321396,0.12571098042996232,0.022461445156818582,0.0933671313899449,0.1003717472118959,-0.06075345963956513,0.0760424377004687,0.029239194210835207,0.14915458937198078,0.10619601502971521,-0.007787922964781813,0.009825395832029571,0.06417027792019891,-0.11585461910656014
2010-11,-0.01571110329464187,-0.011615291339587719,0.011626050867298066,-0.02776291540336495,-0.05309905163736206,-0.021132147638171728,-0.008695652173912993,-0.004801786711334466,-0.021434660820850104,-0.0181950509461426,-0.012976480129764822,-0.0016816409275156596,-0.00816955141134268,-0.06329083660576063,-0.009289364839366598,0.0013478696171882465,-0.03779460251556965,-0.053843726995478014,-0.023492313756405148,-0.11793400286944056,-0.02057451509943531,0.029481589700276256,-0.005592272496187101,-0.04203153648698199,-0.002352929737823417,0.08389969533630182,0.03460810608432818,-0.054088695206357285,-0.018059515975725637,-8.507581200145609e-05,-0.00020505039113372092,-0.002130991839819907,-0.010293229713331464,0.0016239969430644763,-0.01668980803160791,0.003944032303502709,-0.06582155560950387,-0.021268239270667233,0.08720576017723602,0.07058629504411651,-0.08976360876165701,-0.006325687476469888,0.07752853346116706,0.019435770431786237,0.14535696954126354,0.022243406418811507,0.027241112828439107,0.0030189764232315675,-0.0043631373158290465,-0.08268366504631752,-0.02384798099762464,-0.05738307934839737,0.00567020772718041,0.035865908827282356,0.027268220128904064,-0.09289148634958133,0.04374644708597408
2010-12,0.06968433591423451,0.03049331697552793,0.031058514135437143,0.001467530879295742,0.0538772650811945,0.0007814789489108964,0.08114035087719307,0.03266280398237309,0.23410080896079655,-0.021497405485544907,-0.017358258011503702,0.002111924616639893,-0.017795448076886378,0.02791000395615062,-0.011825900942944112,0.0008669039343036644,0.029824227425597982,0.13059908858508384,0.1953459271817226,0.22283669486011703,0.0698385641231325,0.06520172511280853,0.011317159323294357,0.1594867515445686,0.04747657357821233,0.029729729729729648,0.08004684642006499,0.16612466124661251,0.0739389426656738,0.0665633065164164,0.000810115159408209,-0.002136752247491547,-0.02958579617095658,-0.0074391988555079225,-0.040510729307516535,0.0,0.05349415287271908,0.044676840761233017,0.14266792327873867,0.11476546252792086,0.1562507445617214,0.05285203449692655,0.022653150014557033,0.025455505677317136,0.09660294594123053,0.16244948709978257,0.1337220236975738,0.08571019062634377,0.04432322076435935,0.1256811478278257,0.06389916293556541,0.007730330397294427,0.1192238340016687,0.01856621352265342,0.08005550193050204,0.15025356334718176,0.052456164595137356
2011-01,-0.02160356347438752,-0.0008459044128013016,0.02597816660715191,0.028208572475271643,0.05113836188738907,-0.010541727672035095,0.10466531440162274,-0.0065689392891715714,0.16327148043565942,0.24924242424242427,-0.0159924741298213,0.00020116316544460666,0.005906558393476535,0.024240806495667178,-0.01807750236132033,0.012428881361935762,-0.010721547846447632,0.030574125049154466,0.017880358620223857,-0.031125299281723806,-0.010169173813206034,0.019661108682528683,0.018290861462809227,0.11146179292312364,0.028879791589132786,0.0,-0.002680442516691861,0.05740181268882183,-0.010261388060736287,0.02346215210069147,-0.00040985286282235744,0.0012847966406042133,0.002983916881226678,-0.01883347746708941,-0.012282423589221714,-0.009073052099897061,0.06228047125949843,0.024793677030346073,0.020920641997324907,0.02597940993574266,0.04848647200642908,0.028402282589086614,0.0382442694372116,-0.062265025493124626,-0.08947930634787149,0.0025849466966163526,-0.008294625082946205,0.017161716171617103,0.0034055746829453337,0.005107252298263587,0.012762453684644015,0.08537709754748302,0.007129631856108709,0.00526238639695098,-0.005920795397419409,0.058545024416162716,0.08582683247084266
2011-02,0.02538128841338505,0.021149836163240954,0.02617807555097018,0.015439429928741033,0.025450307190575838,0.002564861398835827,0.0951156812339331,0.03166979884457444,0.15379280450801924,0.05579138872043665,0.006054811982154185,0.0004759553065332156,-0.004258868174255026,0.008254695539918977,0.005610316951710548,8.582531978129637e-05,0.0031142946122704185,0.05341982256987521,0.10018909862986436,-0.06809445359692479,0.024074424770381686,0.04637275817367059,0.005483470608146135,-0.05048356818667876,0.03103070968675392,0.03811023622047238,0.05473025801407361,-0.05362637362637357,0.015411558669001568,0.0340790009266716,0.0,-0.0005647530196564166,-0.003571642617821391,0.004994613651944091,0.01074056715485927,9.439305267133768e-05,0.016845623015452338,0.023063642249457672,-0.02698778344268915,0.0911845915549867,0.09225266302425217,0.031587946852700055,0.0162118196550598,0.056513620386643204,0.20101342918476361,0.005387720265296325,-0.020408163265306145,-0.058792991563919594,-0.09437474405271584,-0.05483386355602682,0.004607046070460585,-0.10356778797145771,-0.04323898432556961,-0.010083261639860508,0.014272068326122378,-0.06628721671969995,-0.05532002674595604
2011-03,0.021312021312021256,0.002210894798255758,-0.032923505541760045,-0.012163742690058599,-0.02998174992739422,-0.0020663190002950804,-0.20120724346076457,0.003209514813886649,0.047035840408745866,-0.09247558874210215,-0.012670256572695493,5.051988115201134e-05,-0.0012693616853682865,0.02908168479012252,0.0041984816697753224,0.009732411965537313,-0.016516609748525424,-0.06782577198225126,-0.027786991526701388,-0.016205067766646986,-0.007651233212362274,0.02419276168178741,0.020422819695677497,-0.018331518950911563,-0.0051966618573789924,-0.07817556634304212,0.025979892512972613,-0.07942405945192754,0.013314936184891435,-0.00020100165826364425,0.0005125261388330138,-0.0007873503223664313,-0.00013125210902353857,-0.011011498733190517,-0.0012984244101779119,-0.004058518168947645,-0.0319267239239438,-0.04127923436901515,-0.039640953716690075,0.07245571807689943,-0.051640996113430315,0.008413018340379885,0.04398193063303424,0.020273431408223797,0.12029512626000205,-0.04203954582434288,0.025273224043715903,0.02426916712631,0.06767793033516956,-0.03608994436912716,-0.01650031471989921,-0.015844136153437827,0.03333957202570326,0.07926348738722155,0.08764057392942237,-0.06579010524496909,0.04314596588983832
2011-04,0.062275839582653925,-0.011719468104663289,0.06466926362463532,0.04043334122661624,0.033100343386030184,0.013409583908499334,0.12762384550797656,0.02484460115096021,-0.1308216720487979,-0.017721518987341867,0.014223077745695534,0.0006525154998742178,0.014382223702882557,0.045059200803752475,0.01698502048629047,0.0059915799571148565,0.024117684197234812,0.04546337672430556,0.12330381650977773,-0.21892782270140754,0.025227113906359122,0.026840651490618095,0.0364871997888625,0.016373068882883812,0.027604630454140633,0.023148656061437123,0.026371939172941783,-0.12134207870837543,0.06072984749455346,0.029301881418686948,0.001915865827920582,0.004584527639472036,0.017721184101818332,0.006700167504187782,0.018200769901726144,0.0013267626990143278,0.03719506253878224,0.03175972623521317,0.03158005421067389,0.0984059388847327,0.0806170075513224,0.04113547690811159,-0.053631946844316825,0.08090895195394099,0.28219208578372257,-0.0339887381150189,-0.014323784143904006,-0.0328486806677436,0.05534093971790499,-0.06062369659052336,0.046125714285714325,0.044061007548913844,-0.018112223335788546,-0.06303527436756584,0.062089339377578545,0.005456432459093996,-0.083271375464684
2011-05,-0.024452629425005146,-0.02018260451705911,-0.02802352941176478,-0.015021337126600254,-0.005112774422531996,0.016540182914964063,-0.10238272524199554,-0.02309862851893163,0.0041281373844122005,0.09664948453608257,0.0183466891606916,0.00017564359705457555,0.015560779466936792,-0.02975781254366705,0.018387304191095133,0.008784245183974582,-0.004623636027371925,0.08176918788329313,-0.11755529171383605,-0.0774539877300614,-0.011178515438620362,-0.013709557732264788,-0.0034587391516540666,0.08122378082810244,-0.012075947629424988,-0.026163414111087246,-0.018632788868723438,0.041630778064886576,0.012002567394094887,-0.011621472053126691,0.00020451361549400637,0.003857447361041544,0.02356661688991668,0.012528139375550529,0.030730742327792715,0.004258943781942026,-0.02841999090243852,0.0022841044290300427,-0.016354266946033258,-0.06769005081992985,-0.011895355982793343,-0.015521744764139034,-0.08294489672547178,-0.013339618194673664,-0.211809474202043,-0.0003631220854676265,-0.0015207840486650692,-0.02282850779510026,-0.021780637001544423,0.09504878930249361,-0.016867680475441293,0.00870591707245083,-0.012912429135359171,-0.07524399126001469,-0.10363514291195097,-0.023713812674165946,-0.0499767714706415
2011-06,0.010697430519140072,-0.020756537834802025,0.006197196736788646,-0.022991161689099537,-0.002909370763161445,-0.002105666156202113,0.05309000414765652,0.006323829995489749,-0.11782601545798388,0.024676850763807323,0.004659349761855447,-0.00015037499106174135,0.00045901892991584425,0.010542264109639543,0.0005829106506103354,-0.04786117522674882,0.012634708286882068,0.05926816698161819,-0.008933181057275696,0.005818786367414841,-0.0044576181613474875,-0.020605661619486404,-0.008644919512818205,-0.20905779870785146,-0.019766124024612086,0.013433164501211126,-0.02244987166698431,0.18963616317530296,0.015348512716433227,-0.016978459917001643,0.000194248208315706,0.0007128600814971797,-0.0022938650171496766,0.0035766070565490526,-0.0145181739714203,0.0019790783149560287,-0.00447828034034925,-0.028813796578851636,-0.02605611910052852,-0.02146670413037366,-0.12663142463684418,-0.01137284648475656,0.11015261888110706,-0.022119243263902022,-0.09101422670949977,0.020514291176751742,-0.05990861397867675,-0.05854700854700856,-0.07010989830677039,-0.12211221122112215,-0.060672059738643425,-0.08297981275599764,-0.055589470143396436,0.05219384259149873,-0.07613289818629276,-0.24954550371448214,0.02802274309584596
2011-07,0.02863961813842475,-0.04867764188894452,-0.035246000240586994,0.02317743747413248,-0.0778624963030824,0.02839056205639734,-0.056321386372587656,0.009459511004310306,-0.14185851430701846,0.1295871559633026,0.04060599814490362,-0.00030184694571910864,0.018876583870596653,-0.009662689477074604,0.0411153565235538,-0.0025569658832176323,0.04415902140672778,0.0676289328576063,-0.09809307318305227,-0.04049586776859504,-0.019987536639970327,-0.0356446672236147,0.0008806220198462889,0.04496293417608288,0.016483492143651413,0.0010864841373317002,-0.036219587699786615,0.1318350324374422,0.06508838778187265,-0.020597054931063896,0.00010221604383020555,0.0026357075496277194,0.027461994920463972,0.02562126757850125,0.04140208001094625,0.008182844243792342,-0.07212816423342738,-0.02656688709649513,0.0881448905282074,0.04318612530867738,0.027008606132123525,-0.020818553027794784,-0.007423862458103114,0.08402950803654297,0.15140254861966596,0.04599273108771418,0.005940594059405946,0.054622484490845835,-0.046899336216635445,0.013211600429645642,0.03430653480338797,0.08558325024925217,0.038612228744805854,0.017635258540674936,-0.0022585128561501966,0.094831354095952,0.10435932372836265
2011-08,-0.024210632502774,-0.020107329665104312,-0.19384039900249384,-0.011268419531927254,-0.11439355419094921,0.025834732326058596,0.03422370617696169,-0.02372000755715087,0.03975236233300761,-0.08781725888324876,0.028523323759532593,0.0001262458891182483,0.01699151754377004,0.002020469485729981,0.021208563601828656,-0.08005385415566701,0.005974695407685138,-0.18023697402400118,0.1856337732348512,-0.027562446167097243,-0.06888674312898901,-0.07146484511137441,-0.0462241679005988,0.1696500621004695,-0.05023053926140264,-0.08758411113522901,-0.08711738183894646,-0.004503582395086969,-0.01988153187496322,-0.0548718431157903,-0.0006030130209929707,0.0029841392267366817,0.034041958281712636,0.016904583020285413,0.07133953478027522,0.008209721056068542,-0.1313232037198233,-0.10633673100727914,-0.047357785406979325,-0.005339939443985697,0.1306001565022732,-0.040122438063138754,-0.04041238365648869,0.12289873360674197,0.04058652260848228,-0.06583919903999425,0.04670722977809594,0.08077474892395986,-0.024435233305980297,0.04775787130287279,0.03971086101198629,0.09364093898093384,0.07385815170451648,-0.02812757443803704,-0.07597655116373558,0.1297921948857772,-0.07467677055272048
2011-09,-0.08911402873979124,-0.06982668977469664,-0.05217001268289656,-0.037931034482758474,-0.08175406208733216,0.026184198563505845,-0.16222760290556903,-0.06162614055288396,-0.05317037501305755,-0.10406232609905386,0.02956186807896022,-0.000250356073659308,-0.0005100079958760828,-0.06644913340954661,0.02783178024319799,-0.14932847489893697,-0.006754396180272515,-0.05540628184934682,-0.20589016829052265,-0.1572187776793622,-0.05023269931201946,-0.10609115281501336,-0.10968612892338836,-0.05731666346707631,-0.04526558255634683,-0.019269656238848576,-0.11224197247706424,-0.11762286654328613,-0.11249401627573008,-0.07088887079114292,0.000807911395641403,-0.0013463670568079067,0.008234440336393423,0.013021795345400822,0.0484723265179805,0.0025909132969372806,-0.06169574509915843,-0.03456891581116983,-0.22252380680846207,-0.10593314146557453,-0.22801422789157377,-0.059741980695146246,0.05857334088614752,-0.11430406164713425,-0.27976672060409924,-0.25032114577142095,-0.14994016071123273,-0.20423470065047122,-0.12176394889896991,-0.11949208276420287,-0.18129015224852596,-0.11118575747396708,-0.19107715235312905,0.07563877452167622,-0.10992462311557794,-0.2302591514987481,0.09495218859469179
2011-10,0.09567585972080361,0.07100668890089623,0.12091839232388502,0.03316930927647155,0.08707530108892225,-0.01196066270931162,0.033718689788053924,0.05115487729428736,0.020962047661076788,0.10745341614906812,-0.005985783763561514,0.00025041876751874526,0.0010205364735138556,0.03764168707616933,-0.012692242114236918,0.13834215076406986,-0.012779927306835526,0.1738106915154487,-0.008532708716747384,0.062007356805044545,0.0879893475366178,0.13763691111724263,0.05097295931261048,0.018493769648834757,0.10376746399065695,0.03286840509399647,0.1524448424173921,0.019109764623630898,0.03607065803667742,0.10949871928474741,-0.0001021847090800776,0.00035478165994251576,-0.007926980067261558,0.00574345883854499,-0.025197235180073996,0.001845869866174521,0.09776341847528558,0.09172724838849189,0.05955436903172817,0.051194750526185606,0.09199237368922786,0.0974083959289942,-0.017527338822024174,0.06344027551205356,0.14198455417739297,0.1522723204010128,0.019106999195494856,0.02435565935440831,0.013989849377865182,0.019821890261419117,0.055143502096098196,0.040513983371126105,0.025251491402503268,-0.03302092568356774,0.1741707833450954,0.031186513517737158,-0.003703623642665077
2011-11,-0.02776051377667299,-0.03968198740475293,0.0021254603951026407,-0.02663609102134412,-0.025515892680164298,0.025466284074605383,-0.15330848089468774,-0.024779038855808677,-0.07283336935379303,0.04823331463825031,-0.01712457659013933,0.0005564637099404468,0.0029879556765914916,-0.03476987125125275,0.006944636327632203,-0.085520267841943,0.006116389548693535,0.039859613938330485,0.028649641879476384,-0.09203364670954972,-0.008199931463259369,-0.003385004745333653,-0.029552504388390632,-0.05808547863034241,-0.025890221281709702,-0.060239549084077026,-0.003515565292709022,-0.08072261605305264,-0.04399036897247344,-0.002642205056179736,0.0,0.0005673422990679633,0.007216453044318838,-0.004622915155909957,0.01795209866306169,0.0036849378166743385,-0.007210013976713725,-0.0025906572849659915,-0.06256143313997764,-0.017725693422059874,-0.07154289039928496,0.011514775488971507,0.008532054539424294,0.012698142151013947,-0.04729798963051013,-0.020441682388192328,-0.03730017761989346,-0.08101946095594825,-0.13222032954169327,-0.060845070422535286,-0.02913610431947844,-0.1226935929100682,-0.07065132132517593,0.03193649084254413,0.07801418439716312,-0.05076389743978327,0.006957452502006856
2011-12,0.003302791391434079,-0.019003278926106426,-0.03522814765315163,-0.011719221940316493,0.005393895091464707,0.013728576425323658,-0.08530544854155198,0.004174420359100761,0.009790209790209836,0.008025682182985383,0.039632395175186685,-0.0004531237679712419,0.005032489098482751,-0.03526050626689603,0.030396196730908098,0.020432660817141013,0.006551378150268405,-0.025474124075859916,-0.04243374284568546,0.13242506811989108,0.014906587033243657,-0.003999619083896899,-0.01593240497546944,0.0315700790744573,-0.007330722880795171,0.006497563413719876,0.0078484507618366,-0.016417910447761308,-0.027635967599210387,0.00992791698571538,-0.0005007562441238234,0.0002125896392437543,0.01377144494261584,0.019943538839814146,0.02431469486469373,0.003579623680587396,-0.013327793006784883,0.036010364327548006,0.07107835898041759,0.03351318944844106,0.06332131903557281,0.015292543099561406,0.002226600331274753,-0.10481359925944622,-0.14904601088429514,-0.039017537499433486,0.05166051660516602,0.05803650540492633,-0.17049799518099185,-0.0328134373125375,-0.10424973767051415,-0.015359774778504587,0.05889664697306829,-0.017395535122481043,-0.017116413916146378,0.06310774066405589,-0.07944351473450606
2012-01,0.03833492619730272,0.05150317624464473,0.0994850328253929,0.016075794621026818,0.044089289504464,0.0055205727594236365,0.08664259927797824,0.014454572773715313,0.015812557710064734,-0.0642250530785563,0.005985267034990915,0.0019132384742897024,0.006401719181017507,0.00910069353780707,0.0025654654178146608,0.10414396128672188,0.009557874985340664,0.24268161952667588,-0.05200441618761198,-0.04956689124157854,0.01959973737324594,0.06565318545431365,0.07145914641822992,-0.02560079226767331,0.08342639456762546,0.040223463687150796,0.07092306521573688,0.014415781487101764,0.019320966048302468,0.04439331747235231,0.001206506957864395,0.000921001592772086,0.00857959661683938,0.004017857142857073,0.0043159655776965344,0.000457289189683463,0.05562784031981294,0.02338544297250089,0.046038027217450095,0.08532977550902032,-0.01160061055845052,0.03514396944644993,0.04292788656923108,0.10890716803760281,0.1915571284125379,0.10301329812317261,-0.02962962962962956,0.01984758395444275,-0.17584451123771927,-0.037151894808658326,0.13038130381303814,-0.058192826809065346,-0.007231569641899638,0.029730680081233807,-0.005502297350955754,0.020301852790448827,0.043949442147148465
2012-02,0.01687461648598898,0.014681863683461804,0.05572522220244047,0.010768212717319425,0.0446496539792387,-0.0048039804409366615,0.011627906976744207,0.0148608217392594,-0.03635950460174986,-0.0589903573454339,-0.0004576659038901809,0.0003012924079561774,-0.005541760042176103,0.019331019248974624,-0.006257795958663492,0.06634486700368325,-0.06191554858570014,-0.1056403450564034,-0.06401349343399865,0.07088607594936702,0.03694340432636145,0.040653567405369406,0.018964585340634166,-0.015720489433877494,0.06442147437895618,0.10395035207065284,0.023757076197920446,0.09598603839441533,0.017718563285488598,0.04295691791623901,-0.0002961571062387591,-0.0015572528291279975,-0.007679054151082165,-0.0008892841262784223,-0.01608677343696696,0.0,0.03334464669560511,0.02866639710779184,0.02951256162180682,0.07349011223944424,0.02322856868989165,0.028623371548234466,0.010931028013104527,-0.016700576466598727,0.03935253935253935,0.0214830807379065,0.06307754118119724,0.09689604204302849,0.045152071851398246,0.08432105127544443,0.06580651847245966,0.01522389392383583,0.0957316361088405,0.00913627050608401,0.0832762947752681,-0.0029069500022996797,0.00618820205824977
2012-03,-0.033893191189781846,0.010125136299911741,0.016448733914487423,0.005058921556957419,-0.004587554808444749,-0.010257736402034423,-0.049261083743842415,-0.008007550253945506,0.03407617026294063,0.02893309222423146,-0.0008241758241758212,-0.0002015007608752173,-0.005137635652994854,-0.0005324648789881703,-0.004520754372345781,-0.0546253787530987,-0.020679834066002156,-0.1144086659741802,-0.10232977217145056,-0.05200945626477538,-0.012374074244445477,0.013363476994702417,0.001983394833948271,0.03268070269545387,0.05092091853668235,0.05481081081081074,0.026768775160797675,-0.011828935395814422,0.00033740468317700056,0.03286689228652118,-0.0006027050218607721,-0.00042568213280957945,-0.011215845551182713,-0.0002670226969292422,-0.02757549904746126,-0.0003656641374897296,-0.00973245823801605,-0.0042255068006958885,-0.07665322322514567,0.016629325367189418,-0.02127526698170168,0.023096147366056252,-0.07918465474314174,-0.024441762220881236,-0.06229461351621657,-0.014041769555936945,0.011526832955404354,0.10143734091929923,-0.2240146869262919,0.08507099150478226,-0.03140648548787017,0.02110817941952514,0.0628813514161628,-0.07931355961465425,-0.042017691659646084,-0.010849809482512018,-0.07642370627864314
2012-04,0.009577347491151356,0.01195983688016189,-0.026035019653887437,0.01504115591875399,-0.062275648358047664,0.006270684549730232,-0.010938399539435761,0.01068118287479769,-0.01904218928164203,-0.040421792618629215,0.022179451929245753,-4.933564825992942e-05,0.010264582512583553,-0.007272637167264451,0.009606175878272616,0.03044121182100934,0.03793386862236825,-0.12826742627345844,-0.028438963770193948,0.09226932668329169,-0.0025384257102933905,-0.0027225289268697495,-0.01452377664226856,-0.06830547872271353,-0.011451119103528251,-0.07020600594445014,-0.01546902814394202,-0.13029465930018413,-0.005261737722611959,-0.006839818121257557,-0.0005110749951448001,0.0018454111831087694,0.021600098209473728,0.011039886039886149,0.0372050243946358,0.002834933699131348,-0.05967856436277297,-0.013664913563907088,0.0431931001968997,-0.035555120231157256,0.00038285653514846807,0.0009896889906382267,0.004694588200273353,-0.004595466395652004,-0.04727803051740287,-0.0011249071420990076,-0.008780123295348385,0.10976687283354858,0.02389341924225641,0.005693950177935836,-0.04391908849068915,0.008139534883720989,0.07120653781554731,-0.01722172217221718,0.012531603825437054,-0.020986260994468986,-0.04950057100577443
2012-05,-0.06176531243555383,-0.07368777514392144,-0.07645840976990403,-0.05040546059156403,-0.04214812613387864,0.02838843690496784,-0.06111757857974387,-0.04348627770661073,-0.19969777984424042,0.11050061050061055,0.036044113691383384,0.0,0.00556027350553312,-0.06600188452010258,0.05241659334253845,-0.10698784108581938,0.018395565572272732,-0.21009130225852957,-0.1052540955379545,-0.0031963470319633647,-0.0746188508323411,-0.06548115568362789,-0.08672194324419014,-0.03924902783391648,-0.07180281287820134,-0.10449735449735453,-0.06601819534245013,-0.08046585494970881,-0.06598399565984003,-0.06056280905361355,0.0002045345305421442,0.00028405064052305917,0.020145277249525417,0.013296935540683341,0.05211314138090173,0.0021885828925771733,-0.06698721518830675,-0.05457530957201362,-0.10325256204059396,-0.10846493677956637,-0.1245614781111134,-0.05868472474574582,0.00981442102631691,-0.061481777422648376,-0.1050743677031688,-0.12115932174578214,-0.10629476064832266,-0.09413277804997555,0.02862901904231263,-0.18743535304044867,-0.09817303653926923,-0.05984877611175188,-0.10993061324783826,0.028933630479912154,-0.17766800564542384,-0.01642483541819495,0.04223814801966386
2012-06,0.05374216946917243,0.006233092052350564,0.025737432783303316,0.01775511457885348,0.06636998068916977,0.001514896482073702,0.10725356478611281,0.016233272120369735,0.10268700072621662,0.05882352941176472,-0.028385980095196883,0.0007537179394316862,-0.001761446453143578,0.02344397231353068,-0.012354609839462682,0.05075776466350823,-0.019139900711764968,0.15792675507969345,0.05039175257731965,-0.027027027027027084,0.05270594171817833,0.009260761958859165,0.07531584062196317,0.2297369833601719,0.03641104965216768,0.0768094534711965,0.050553812977847556,0.113126079447323,0.023233863355841322,0.04135360193941007,0.002014253141519262,-0.000992484558554274,-0.004199727036087175,-0.012774832710524042,-0.011688532270283991,-0.0029117379435851243,0.07886690587837353,0.06129893736888281,-0.04780256429259622,-0.009910576977843477,0.20649916817447678,0.04289214636361316,-0.03411747806340604,0.025588875224671348,-0.007480214449834155,0.036266924564796854,0.06094474905103331,0.09972280440808601,0.1441794516401409,0.22678547501004975,0.021015252066596934,0.0011813885859686124,0.11782878477152026,0.013032674405667022,-0.02151957224899348,0.14726992706244735,0.09590108703593958
2012-07,0.02941176470588247,0.04190811822194762,0.049809807040597676,0.00024145840878908587,0.031067472087478842,0.003529411764706003,0.03751399776035824,0.01487575252338691,0.00026343519494198553,-0.018691588785046842,0.02574151598824259,0.0009545497934082547,0.006554071136578354,-0.028024937167477226,0.02325596271881425,0.01568320934174583,0.02164766144277075,-0.09729956919197236,0.021670854271356843,0.03436911487758931,0.015027322404371768,-0.0009547642737259832,0.0053749375698621815,0.12936638078497542,0.010248095331119256,-0.05647005029721075,-0.013575610552587936,0.07757951900698212,-0.02880862839707654,0.013417842621382459,0.001918367346938732,0.0019159843615197403,0.009606378305073271,0.01610915492957754,0.02069690647361,0.004471618908559849,0.021602813160871426,0.04052532172729739,0.010258405977584095,0.1075188402462175,0.283209533586972,0.011008835163210051,-0.08468183400310103,0.0035511691186642658,0.010931913470689558,-0.022608492767148824,0.0045716557344464,0.2406860936923645,0.14040852699146478,0.1249522145158648,-0.024459775357774105,0.07765271852591438,0.15427314744034537,-0.00913071493424722,0.03170748161640713,0.17299460499987318,-0.003155742562522157
2012-08,-0.01499493414387032,0.01916102936048536,0.029896173711394525,0.012854556427278396,0.036524910814692335,-0.005945402780103914,0.09552077711818674,0.018268029472814362,0.08296023176191736,0.032804232804232836,-0.0039076068079194615,0.00030076322598437955,0.0018913834157219256,0.021848050936249086,0.0006428650316847584,-0.012943873618443402,-0.003103736421153025,0.27645210103596796,-0.07262526898247779,0.025489303595812585,0.016504923142310668,0.03430376436030036,0.013034324509734407,-0.021304043537756168,0.0510184744733595,0.033074872788950715,0.03376764643287866,-0.12646988240940726,0.021772484839628792,0.02219285202929666,-0.0004990426528700409,-7.075720996385648e-05,0.001111334759682503,-0.001039591094169623,-0.0029722007307936282,-0.0003634051058416521,0.04833973209450093,0.01622368161447607,0.06280528205365266,0.14710159983378346,-0.017240297430426987,0.010039847370918675,0.043101898585394816,0.04522058823529407,0.1231235051651316,0.009214389725716643,0.06846062524732877,0.0777959466825231,-0.14197282150836965,0.05490557794067663,0.08497954412624198,-0.038281743524952616,0.07038278535695719,0.013064843894328382,0.09219904531484979,-0.021945830004390654,-0.07627483911240573
2012-09,0.007508743056984235,0.01647421093148571,0.041041386809953284,0.016266460108443015,-0.012088630998094319,0.004717378485384671,-0.03596059113300487,0.0025601391169935983,-0.08560311284046684,0.05225409836065564,-0.0055792868973933984,0.0003520071742413311,-0.00025066668380924195,0.02129547471162363,-0.002729119528354862,0.07931103582588661,0.004310860974733544,-0.04878716031369679,0.053120079555813327,-0.01420328450954289,0.00759581881533089,0.009998443821973124,0.026830749112647156,0.010806512725002326,0.010016006476183392,0.007388296000938155,0.03373973511448636,-0.0030219780219780112,0.014801573114050726,0.025620699739868025,-0.0005094814497803579,-0.00021251383283726888,-0.0017527430820158951,-0.003729078137195474,-0.013415861197352608,-0.0015450331727711042,0.01542382513159346,0.005153295279936465,0.018108010148604636,0.022459699329831606,-0.05439206985170886,0.02864723277867709,-0.018728292281994907,0.051134365107280866,0.09970322376022289,0.08706861887078077,-0.07740740740740737,-0.08716840605029641,0.1271291355389541,-0.06792452830188689,0.08322559793148021,0.012436503765983487,-0.08853289166833245,-0.030541311372571767,-0.047715979165419364,0.014615407259132907,0.027690624446911505
2012-10,0.0035732516590096797,0.02736544481470271,0.0029002248903198247,-0.0005276735459662785,0.02184070679982253,-0.001593024230736928,-0.050587634133878345,-0.015870874488075226,-0.00824468085106389,0.004868549172346803,0.0016656439028668313,5.0269044113315786e-05,-0.003071528947751312,0.00816681146828846,-0.012269227636928615,0.03827411126280156,-0.02265410754739483,-0.06212251941328739,-0.10864547266813562,0.14272850067537157,0.008921778822878368,-0.008512769153730781,-0.014895504059309062,-0.01721115874390211,-0.0542648650027141,0.007334109429569358,-0.021818020888652923,-0.04712041884816753,0.008948703494926713,-0.019105077928607384,-9.175340761957695e-05,-0.0009210671180589491,-0.003394594298194775,0.0023502785515321367,-0.000418407836647372,0.00018204988166758973,0.017936890185304533,0.0031898102669949413,-0.04837377534745957,-0.059521700620017715,-0.0006583445167497315,-0.024335594551179285,0.007963929277065684,-0.030869619776634383,-0.06538667545630583,-0.06399321119282819,-0.047571256523484484,-0.009619743137748826,0.010162986529308471,0.049916065962279044,-0.05529862250733508,-0.0423442906574395,-0.034044864029407984,0.009826493912991063,-0.06852759964793165,-0.04210488141002389,0.06135708917835658
2012-11,0.006714140386571588,0.0026702050979621195,0.0209290641963511,-0.006452748284155541,0.039672508593831646,0.007138058448102225,0.04467168998923565,0.007813723954253504,0.06033789219629937,-0.043604651162790775,0.00883948888499897,2.513325863162663e-05,0.005160800997800363,0.0025406309446296405,0.008178551835020809,0.01605525094048188,-0.03214590703916076,0.15721148931820506,-0.061562003413571986,0.026792750197005555,0.01901105931816116,0.02177544677544674,0.014797543746248643,-0.01739975933645621,0.013351721162439434,0.056512192303247444,0.005519612722254985,-0.006072874493927127,0.003910887631817905,0.005400980744661998,0.0,0.0007801947107788365,0.008362202381283268,0.005471124620060719,0.0141058291712437,0.0008190753549326413,0.03324244325849235,0.017075585873033372,0.1259670492465621,0.05410623469579945,-0.009645188807527072,-0.0016881154587611302,-0.016659797683309607,-0.005093012214597126,0.027045494621759758,0.034567729037357386,-0.014330874604847166,-0.08833401139137498,-0.06365136101182278,-0.04951798730308021,0.017529083539506107,0.00858136488866812,-0.07103009859885834,0.004247012189670274,0.02524298056155505,-0.018002498769545405,0.053052765116313516
2012-12,-0.0012126111560225583,0.0277255869426698,0.02608111189793183,0.013756863671252173,0.025908862131712507,-0.008588343200200077,-0.10510046367851622,-0.000903561782251372,0.016691957511381084,-0.03900709219858156,0.005899193198577235,0.00020001382294498882,-0.0024429962480023715,0.014982298856429876,-0.003602628786639639,0.02929482867763822,-0.0493477027793533,-0.058563731119159024,-0.04515522107243641,0.09938603223330755,0.0025562830747152265,0.02093116100454373,0.0035260128756342546,-0.07606348373270355,-0.005705965984687644,0.10074381973309987,0.0358042744656919,0.008728542333430456,0.013147826086956416,0.008415574138468829,0.0001937194127243913,7.087216210344138e-05,-0.0064304882079301295,0.004232164449818665,-0.01707621591533348,0.00036373556424496023,0.0166615607045153,0.0022446506998983207,0.022021396770549373,0.008041098950190007,-0.07240382401350842,0.006558330034630355,0.03965979602754621,-0.02156088672942602,-0.09170511857495445,0.0006965666007550109,-0.009193927731451779,-0.030233725665197886,-0.07004711629583171,-0.08247575697605392,-0.04128297982410756,-0.025166808472526947,-0.01929567302097157,0.014571678710807001,0.026267281105990747,-0.09901493975903619,-0.013804937839257625
2013-01,0.007284500202347166,0.049615286786214075,0.020809451397824308,-0.023820617355853058,0.024428074359767793,-0.01354079058031954,-0.013816925734024155,-0.002188013575408654,0.10385572139303467,-0.06958355297838692,-0.02552824493316086,-5.0255202198701276e-05,-0.005463106551607644,0.028010413726043737,-0.021443483824259868,0.047918144978584154,-0.05237337576239731,0.019984987802589504,0.02190476190476187,-0.0596858638743456,0.07045403712815923,0.07180365721947046,0.018860225778664308,-0.0005739644970413904,0.026269608536571454,0.06946238696213847,0.06319298893389647,-0.03749639457744458,0.004669046965119605,0.0515434357763207,0.0,-0.00021261054515386846,-0.011296777934006297,-0.01685731487055986,-0.02733052105294409,-0.005181347150259086,0.03212146523787118,0.02983826140454071,0.06020649658006305,0.09412807445158422,0.060504371650010436,0.05910783842145095,-0.032126118449083974,-0.00953267713044248,0.0371910590236757,0.02175816773324346,0.06365990504963315,0.01668104687949379,-0.003860893028863499,0.03596656780803453,0.08622922512410969,0.021774082410767726,0.04185455926330284,-0.030384801017945717,0.056642504329976306,0.0019256032487067198,0.017669952558166058
2013-02,-0.018481317798312635,0.04954184021204089,-0.004950211415279071,-0.042956864148917195,-0.0024092391004033598,0.012788814050643804,-0.02977232924693518,-0.03115741462653987,0.006197183098591408,0.018130311614730887,0.023099389326489028,0.00010051545582201449,0.005694566618899222,-0.03777994751937508,0.011640611054117844,-0.03186138162527419,-0.014131803553938838,0.06319565817312123,-0.046791143105055166,0.07832219747587232,0.015733389051399982,0.009625073838562814,0.0,-0.08587177255584566,0.004768504030876031,0.036052778293997445,0.011215296929582674,-0.008690440515432996,-0.029250956806998407,0.013396957520091846,0.00030581351491854036,0.0007091288101002124,0.011005276852526835,0.015396728195258502,0.012727417648484396,0.005025584795321558,-0.027418520434557614,0.005334646907162455,-0.017490065250453934,-0.036129450362509585,-0.04268747290853925,0.01746698249987766,-0.050482885665136146,-0.05049465061103908,-0.09506560962274468,-0.053841420534458506,-0.0775005072022723,0.025289957567185217,0.022938159183908624,0.070580886945659,-0.05484351713859914,-0.001483612822011482,0.0005353380033030763,-0.022211160636845806,-0.06119475473530844,-0.0868657188128622,-0.09345253049716651
2013-03,0.021182971756037672,-0.024922073424151425,0.010951552909473916,6.234025310147828e-05,0.004885506331217204,0.007828941830120284,0.016847172081829065,0.014143304060918682,0.037178051511758126,0.018363939899833204,0.014965397923875523,-0.00020101070696110224,0.0005671102856634747,-0.019121125831594643,0.017911069678844482,-0.030111176243497573,-0.015114958841896065,0.05744938570686964,-0.042244024139442504,0.013769363166953541,0.008989364984674841,0.046625481828193927,0.035420282116317425,-0.02682012189198124,0.02823053079626847,0.08645739910313899,0.046131313131313245,-0.03960096735187424,-0.01330611095466061,0.03587132772061996,-0.0008050627235578478,-7.086755606966477e-05,0.0033258074204483012,0.006203153269578765,0.004781526424106897,0.0011819256296028424,0.0009690330735201425,0.02562993234156563,0.04587671335480481,0.005925116611337655,-0.011727310597142049,0.03698656299226588,-0.01430813124108421,0.009994814011597963,-0.003826498502127351,-0.041018256143447784,0.020233120738948784,-0.07112901445756536,0.14340244520818102,0.05036950602878254,-0.00819930621255116,-0.02665466006303463,-0.03270645021743579,-0.004211468151736231,0.05082772891877929,-0.03744083366073614,-0.01851409919862057
2013-04,-0.0027056819320574466,0.040462342198345214,0.011983414589693542,0.02381249220795434,0.03638782319824796,0.012696291346474986,0.08047337278106514,0.009472608786216696,-0.034225869142733734,0.03442622950819674,0.007755902156311167,0.000551843439817068,0.004723220452171661,0.026748306005276,0.010354956981398322,0.01888163342881577,-0.03530513725772755,0.04213712976599582,-0.03132920304139675,-0.11680814940577244,0.005117227319062279,0.0058203102521312555,0.020821694099445454,0.0786646967216389,0.02454547421409048,0.11631170546475156,-0.0040070678884200905,0.0015738117721120215,0.020763467713164507,0.018879919066530748,0.00020397756246803844,0.0007796403284232589,0.010417901688056785,0.0001712475383166545,0.027038750503823428,-0.0008172902288412498,0.04093358026769933,0.015394154388782333,-0.091703369499051,-0.10230595705572731,-0.03701972858307889,0.01903829145075764,-0.03808414258216697,-0.07748681323810869,-0.14796189128402115,-0.06733191242007364,-0.018322914421211478,0.04966434978910472,0.07189228476046172,0.009211257174597254,-0.04281928987811334,-0.03404570265519491,0.028857583353929073,-0.019899302865995283,-0.0421538461538461,0.05915480638875814,0.01646326159252065
2013-05,-0.073854501607717,-0.045474588566633,0.046825754164790734,-0.022284461763273256,0.04424769347506974,-0.0302705377763115,-0.07447973713033951,-0.02743387179184842,-0.09267747344885413,-0.08663497094558903,-0.018944519621109546,-0.0001496586109168696,-0.013938066878950273,-0.01389789736840441,-0.02905041213405335,-0.007475366360105151,-0.03151841063559635,0.07796184344822166,-0.0595973544588998,-0.12610534409842367,0.029776272286565986,0.022198429109692608,-0.052076536089418535,-0.002430928318464032,0.034808132925537416,-0.012940915477334891,0.04021250193888637,-0.05971087366436201,-0.031874737872221504,0.023112273992821564,-0.00010196798205353019,-0.0017710166366402547,-0.02396155037075154,-0.005222155637359838,-0.050006089030952494,-0.0007270744342452451,0.029588969086755235,0.014425002002082188,0.07708481169018899,-0.012052678114384041,0.0184601916434326,0.022134720717098322,-0.02695759454152913,-0.0545463745382786,-0.08028829042591046,0.032928222706970045,-0.016908212560386437,0.07889524025128747,-0.09338834427039644,-0.04467275145622163,-0.03011848078839563,0.012594579063308187,0.0793516431978587,-0.000711288142826727,-0.018438805011243176,-0.03488505457097901,0.03088853736641095
2013-06,-0.041553650862536595,-0.025616189312431037,-0.045344086021505414,0.0021795989537924942,-0.051021205072919074,-0.028663774772475836,-0.014201183431952646,-0.012093352192362072,0.08045835386890099,-0.06709080393290923,-0.016896551724137843,0.0,-0.011168555270444469,0.002547990344457629,-0.03376239331160358,-0.07058160202333719,0.014883936145600352,-0.15178441369264395,-0.06754772393538899,-0.028156621205455368,-0.056176012921270835,-0.01916572717023679,-0.007172517931294808,-0.02801142970238235,-0.024671874946857186,-0.005468984117470765,-0.0051630941286113785,0.011029411764705843,0.01653429602888079,-0.014622950819672131,-0.0004996940648582804,-0.0006388002824205818,-0.020556232220267256,-0.010327022375215211,-0.029904053817960574,-0.002364711232378358,-0.054222427318874056,-0.05148662383926894,-0.12333463471768102,-0.009938765897315238,-0.07594061533574381,-0.01380069891010327,0.035508997081505234,-0.12154134332352151,-0.12651165790576935,-0.07270716009654066,-0.04221576948849681,0.037612128206473416,-0.11022094895229895,0.011186326755965315,-0.0861399703162461,0.020241191771104283,0.0009644121325165234,0.013081199927238663,0.04738840162324909,-0.07694099415788458,0.06281531160646114
2013-07,-0.014149875481095808,0.0505299218499089,0.040953786197808206,0.002485552724787121,0.0684094332669003,0.0010507880910681777,0.06182472989195675,0.0253520550606956,0.013912646824039143,0.024178549287042772,0.009908803928446064,0.0003506513217459428,0.0026461841358860205,0.02426859796296643,0.006971458663150187,0.056968110060618304,0.014285714285714235,0.11815215524643663,-0.014960629921259905,0.038026256224535926,0.06523780704134241,0.06183255889785588,0.01827331693133516,-0.043549362094747246,0.06264711523372801,0.00037664783427504567,0.06996983493526687,0.002975206611570247,0.021450387101356716,0.05077527117854519,0.0007040026119518039,0.0014204542352507232,-0.0009876493537479547,0.006521739130434856,-0.013112535051905572,0.0010939921597228341,0.06469144005024563,0.03550788341595612,0.09936678032148083,0.12093819877253931,-0.0881671941194907,0.04108222978307041,0.026597631037662328,0.07207262093334954,0.00812227719116887,0.019954451794816253,-0.07392723880597019,0.05904954499494419,-0.03365055846820142,-0.07098091349349545,0.06677493909675802,0.015111481945023764,-0.01363698927463497,-0.004824544283539511,0.09692538432695907,0.0098824304908256,-0.014113669976759113
2013-08,-0.00953037088069808,0.021560320857171966,-0.022300609182094644,0.016487943965784346,-0.013657157784044194,-0.01005948215535335,0.05483323911814586,-0.025961979613412844,-0.01979529861657847,-0.056900726392251744,-0.01623686723973261,0.0002511248299674751,-0.00615583361610883,-0.009819468542253573,-0.02910957967416794,-0.009824371525557152,-0.004195385076415925,-0.049070803256028306,-0.04047288485001477,0.03227213257740935,-0.023685911878220445,-0.03790257571686295,-0.043227096008961685,-0.024216457877334285,-0.0030814163357727464,-0.02018072289156625,-0.03144945935297472,-0.037244561634805495,-0.008274807037062737,-0.02927802406586444,-0.0004078303425774088,-0.0007080307908378103,-0.007239317985913152,-0.008120950323974085,-0.005473775789190727,-0.001092796648756944,-0.016639365042219967,-0.0048426393389094935,-0.005899107538451909,0.0078944017656295,-0.004590665646518777,-0.04134011610637145,0.0014763314254961912,0.06330624538273555,0.19552479308576864,0.034821903242955976,0.03727020901536138,0.1601584876837885,0.03151997641161741,0.09771554147288808,0.06839208338212899,-0.0015525823096945723,0.12538508603385545,0.010558767463934693,0.03287187375377432,-0.031351031606000945,0.051605160516051685
2013-09,0.049733364247623424,0.019936726899618007,0.06552823214325243,0.04481980608573699,0.05453958984109741,0.006538835380401231,0.0836012861736335,0.02288575553712402,0.044520940906483064,-0.005776636713735517,0.015269196822594866,0.00015063706927231912,0.011423711380571522,0.02375898105813201,0.008409753195210534,0.06291565297989399,-0.0006018657839300667,-0.04401195186949858,-0.022361555662735122,0.07393324883819186,0.007565116185736853,0.051429164206259204,0.020799375559585886,-0.0020522120937336297,0.0463081526444169,0.09322164156163537,0.06431754698390035,0.07531667237247519,0.029659234328986095,0.03038290154426293,0.000203998368013103,0.0023464206442438407,0.01697258846666494,0.010190749934674725,0.011134799168936338,0.0018233202662047976,0.06810012741506077,0.04084280240887228,0.004558825402080746,-0.08687413146923817,-0.08402677984604934,0.021764030478137464,0.03110975556620632,-0.049489605045160534,-0.07676520140909782,0.027844849730285004,-0.07210487982520031,-0.043163395465580456,-0.025897553167162135,-0.06238651706317799,-0.07711279184478781,-0.039378001372055715,-0.05506381030503049,0.010161228973087022,-0.04136789851075562,0.037461701253987956,0.04577814007200609
2013-10,0.016454997239094604,0.03694233698006166,0.04788167720894476,-0.00799579782887827,0.03767108953162279,0.013256079360898898,0.013847675568743778,-0.010531163032814872,-0.11501702735361963,0.07488702388637813,0.010171259671390098,0.0003503876228447833,0.0052923716527917275,0.004809609403277015,0.008520647904479484,0.015235589422808449,-0.0014302920806985586,-0.06817029903699945,-0.07296945777458852,0.050354051927615995,0.04339686522873465,0.036914763628636216,0.012211852018441549,0.0020564323290290787,0.049861731144941634,-0.011388400702987744,0.02463945370228804,0.009869468322190267,-0.001974804221995141,0.04581027517823899,0.00015296757087490676,0.0007093707485634759,0.007664726091027196,0.006466632177961618,0.010777889870549728,0.001092001092001027,0.05848059079368184,0.03908493055016682,0.013272148769759351,-0.010284080427965248,-0.03000267555274483,0.02864524060366591,-0.007377280090147265,-0.0025302220972729383,0.007332691861043905,-0.0067726295796470826,0.005756148613291545,-0.004429345488948133,-0.02749574505546115,0.0344108446298228,0.025476572243007256,-0.012664254427728006,-0.010780365200012132,0.005686533673500804,-0.05707710011507494,-0.016212513320140065,0.029438320482757074
2013-11,-0.035962624945675814,-0.016061443104493645,0.04258145090148591,0.01947402482791083,0.0005833382461997161,-0.009617050771096869,0.03219512195121954,-0.01856498249731886,0.01564051638530284,0.013213213213213448,-0.002323580034423345,7.528081311636292e-05,0.0009053497530222554,-0.00037242583536345464,-0.01237105406034289,0.028594800080419036,-0.04040708631737655,0.14132898195993104,0.02172230285437826,-0.008614232209737893,-0.0085703378507348,0.012984256406127548,-0.006509953785993616,-0.04351235077145443,0.03517146727078768,0.09365000355542907,0.03998706885832948,-0.06399747793190413,-0.0017057860262008617,0.030326514055300846,5.0981391791937725e-05,0.0009221771339347207,-0.005390508697087015,0.0002570033410433936,-0.019448486416732802,9.090082719742654e-05,0.00816969101640952,0.011145805620510263,-0.026484349588410505,0.0321979404501187,-0.023759074211060827,0.03805642911513907,0.005158131862284199,-0.05586245772266063,-0.0858036890645586,-0.031200462974611987,-0.027315296566076896,0.0964105222236622,0.08987357050179545,0.05803571428571441,-0.05495714616631908,0.056611052174751375,0.05547902572422747,0.0033162173726999367,-0.04149377593360981,-0.007308833010960747,-0.03795407651390381
2013-12,-0.01724332243885951,0.004409569587664253,0.01971764034795842,0.012696214219759971,0.0019133503477832825,-0.015221765374857976,-0.02835538752362954,0.0006391291350107409,0.06673185040332452,0.08891523414344982,-0.018286897265591295,-0.00020073372357920505,-0.01330921584654654,0.01487204544066456,-0.022027385580218772,-0.02583732580942444,-0.02702490376306077,-0.008578236695790387,-0.0013258203513424327,-0.012844729882886208,0.014786007200477291,0.03002145938251899,0.0041820418204181475,-0.10212489931498558,0.029081329878851925,0.03602080624187254,0.020316746769963867,-0.04311215897608622,0.019684232109903554,0.024074792276322476,-5.097879282212059e-05,-0.0021987423229854475,-0.018569294337401288,-0.012076053442960033,-0.01864242870191868,-0.002272314124704633,0.01078290220573197,-0.0009370427300715578,-0.0018761967179407035,0.041260382809678475,-0.005894893660741807,0.030283729675017357,0.00740102845001922,-0.038509761776822526,-0.033111151143938033,0.05973560501779085,-0.04011767852366943,-0.016270732379939368,0.06557399742521342,0.06864479833038417,0.0025736871131807337,-0.03920226359985379,-0.027108026063922375,0.0027949979437345007,0.059842118665647925,-0.09495578256035087,-0.056858578305983065
2014-01,-0.01811926605504588,-0.03289931147317471,-0.033181364733961716,-0.00786414406200131,-0.030697518942207735,0.03704361730478811,0.07441634241245132,-0.04407174278090853,0.014092575618698477,0.2612955906369081,0.03453123627097798,0.0002509675321211713,0.011000528276796873,-0.022050371618571818,0.0359431049969543,-0.057908610118818094,0.02866370609608415,0.024034609838166965,0.13095633208477553,-0.04133180252583246,-0.035686505150922865,-0.021724795869693336,-0.015812213264442487,-0.04918943808450149,-0.019463221291115662,-0.08673277268733526,-0.02850514014311145,-0.052446321717705024,-0.020711843957369802,-0.03503084205996265,0.0003466734641854874,0.001777087265803834,0.021968256343239068,0.01898569570871267,0.04115925154647315,0.0031884850141206122,-0.0330880454428093,-0.021428967454582448,-0.021024578027835417,-0.059178010925171276,0.028434855629481337,-0.052382792997374805,0.013474123796577864,0.031048186785891607,-0.012893128633179263,-0.05874568046467166,-0.038172192811367966,0.021826191429715758,0.18694138432758267,0.14536809034558873,0.0013446610842857698,0.008217356196266401,-0.007542182562553457,0.06764484746303356,-0.011893320518981176,-0.08178180419443903,0.019457985910693587
2014-02,0.022891847699135548,0.049187954660801836,0.03862102217936347,0.02004595060310166,0.05686368426094468,0.0044543429844099425,0.00995925758261662,0.00622905238654603,-0.0018077053440290758,0.03927492447129888,0.003737047732291554,0.00015054273793335682,0.00228651816272607,0.025064461141777628,-0.00022147339606193306,0.03999119917237515,0.005102040816326481,0.025974025974025983,0.41671907097639704,-0.010778443113772407,0.049087117336900965,0.04876702113165887,0.007693700217233923,0.11032346408830551,0.05157901380489549,0.0030236393622868896,0.04750609103993941,0.11255572065378883,0.033196440793976656,0.04559077124338451,0.0002038548960849873,0.0004971344060049621,0.00278209788825845,0.0002552322613578184,0.0073767105953643775,-0.0006356701779877127,0.04086501016952182,0.042030614075675876,0.055524869144375266,0.06151790240081123,0.05401602894254198,0.0433141303999669,0.013429802061656115,0.06594796434594064,0.10924877312193293,0.006509399572983465,0.10283893395133248,0.11224769743288276,0.062200380885668816,0.26365927793016564,0.05169993285723007,0.040375011778008174,0.11082853566958706,0.03240147958457795,0.05884498480243172,0.09127286823644143,0.12710529008492788
2014-03,0.04053436857730075,-0.0012899584794614505,-0.008458288844529038,-0.005011543442761446,-0.0010937282840551843,-0.005116834385127111,-0.0008964589870013029,0.0024526341719415257,0.07323146576117723,0.14119601328903664,0.005753934675918115,0.0,-0.00756093888465903,-0.0033978892264099336,0.000913780136745812,-0.02762162624096165,-0.01397891448652877,0.0561994814701845,-0.013316367295001963,-0.046408393866021025,-0.02608630422144298,0.0027690414330645563,0.01803197700529946,0.13181028583460552,-0.02766054382609795,-0.004727322554124447,-0.006394362521205732,0.00601001669449075,-0.007088439880755137,0.0075467620580425,0.00015286001080205835,-0.0014212620352317407,-0.008281054881974725,0.0019562813642937105,0.0011742913193093507,-0.0007269422989549801,0.011189833798685545,-0.010167648391481654,0.0438574632444555,-0.017103663830526195,0.08306914880938199,0.00824340893811848,0.022512765761494302,-0.02858918582970793,-0.07010618023414106,-0.05080711920529801,-0.032834252692408694,0.04718277599633525,-0.04234974085255916,-0.1372796339209762,-0.018630295995356927,-0.0022189014173799038,0.03536018171329691,0.004781754917835279,-0.004592949822023296,0.15774396113122813,0.1541748371946643
2014-04,0.004499067266542367,0.014086781029263307,0.004372904844841541,0.013129598189021152,0.025600696880973883,0.007971884107663252,0.00583221175414983,0.00985063783414164,-0.006749630879561153,0.06513828238719066,0.007908463738852456,0.0001505200782285776,0.004203337234163662,0.006969543636451192,0.007303567239295816,-0.00427315617651669,0.01069222239822576,0.028950978268717176,0.14434813903967858,0.00042319085907749354,0.03071324039128087,-0.015852452868782563,0.0016322929304068978,0.027812659876284895,-0.003625018237320865,-0.03324843395057475,-0.040065513991254575,-0.04181878526385652,0.004470242860955542,0.007128987830484768,5.0945549396663736e-05,0.0014232848960198385,0.007464572483403709,0.0028013582342953924,0.012901721166245883,0.00036373556424496023,0.018398240940420196,0.02469604863221897,0.045547863451897985,0.027029414362688797,0.02286632334169636,0.008428928300667327,0.0188346282279237,0.00942243936485787,-0.03074220465524813,0.005450779461462885,0.03557848995111357,0.05081095632276722,0.09857002980449536,0.025500663017238523,0.004967768643917347,-0.010393028955251071,0.04129123246885524,-0.002180636224619281,-0.008363133002653012,0.02367519844804722,-0.031845497163113134
2014-05,0.0030587721214767605,0.006222469882714909,0.033171422977596565,-0.00703831974081115,0.02223664032086803,0.012586104260566389,0.030330062444246186,0.010188319932289636,-0.08504990443830962,-0.005466347796378557,0.023622704507512582,0.0,0.008837926112223116,-0.017013130739090054,0.020763115917510122,0.05712466645928571,0.0039181882297627535,-0.0074375526241931,-0.1377240800922529,-0.05710659898477155,0.011564257290713309,0.017514202577248117,0.01836640313594229,-0.0809732825661148,0.04540718630322149,0.02947878097408152,0.008547146122396487,-0.01939729823346037,-0.017137163732979133,0.023219579996301087,0.0,0.0018483437046810103,0.015348602101104225,0.0023702700414798272,0.024604179624137412,0.0015453140623580275,0.029475878276539413,0.027835479850436107,0.028551532033426197,0.008772684269373165,-0.10259913505604923,0.011689171202082349,0.0484753432237659,-0.03866320944972623,-0.02567587977646879,0.03171419277892218,-0.08575924468922114,0.013161265530933886,-0.05840352595494602,0.029110440635257362,0.017360089448596572,-0.03664297179545983,-0.012891898670679636,0.0041233996055281,0.03687547257604851,-0.130629628913426,-0.07589273624403536
2014-06,0.015138314092790317,-0.019356284859113115,-0.012353477291800141,0.020589558955895537,-0.017009982112976774,0.0010078105316200237,0.01861471861471853,0.017406239854214745,-0.04676801671115238,0.026451391274476155,0.009540895376335401,0.0,-0.002478957973682583,0.0045459801242691,-0.007584204363473401,0.013009631729776094,0.0041370697057214745,-0.10123002969037187,-0.029056867572414213,0.07267833109017485,-0.009400509732944373,0.04064874581256639,-0.008390459096511926,-0.04762005247349954,0.029939797168985427,0.03271545165306411,0.05472652696426561,-0.009537265983751264,0.009326214773264896,0.019855397929561258,-0.000662258403040239,-0.0007820881360368626,-0.002738704396830771,0.004053711679756766,-0.0020459496677796007,0.0004538028680340922,-0.0049528111639913774,-0.0033596717691953826,0.008124576844955822,0.034700315457413256,-0.09088075572125576,0.006334692246641183,0.07980188496586682,0.061016542795492734,0.1246705937064021,0.028401029898586616,0.009179575444635768,-0.10076171813268431,-0.02053319741618731,-0.09658816327845599,0.020187413234613594,-0.03646577168428067,-0.07400819866517605,0.08279321885415891,0.0343860436416672,-0.09173056925669099,0.11150119859099616
2014-07,-0.011908593498551667,0.040337219152111636,-0.047766103243490066,-0.01278800573255423,-0.04034643875981725,0.00671197248091282,0.029324266893327566,-0.020834834525709,-0.14475286096907725,0.04417670682730934,0.007027463651050114,0.0,-0.005231835166201182,-0.02234230741270271,0.006914493867941296,0.0748832415062688,-0.01585820895522383,-0.04121440931256881,0.11394584442009714,-0.03387703889585947,-0.004250797024442088,-0.043025949044086076,-0.015025624250354475,-0.09010539376795645,0.011520556543571647,0.033018552005893875,-0.06183609236449472,-0.08594864479315267,-0.024840977569467793,-0.014135717930127023,0.00035683699685984394,-0.000782690283852916,-0.004493822772959066,0.0021027840861300717,0.0015945654883300353,0.0,-0.038425370472453646,-0.012969399369409884,0.03624393090312572,-0.0718111404087014,-0.14746294635793034,-0.014695370222975623,0.03712851243015636,-0.030843972432493594,-0.030598532097446562,0.008583910277699669,-0.0685048322910744,-0.11096270781343365,-0.13964083557235862,0.0966798616311828,-0.011963485853603295,-0.04313241106719368,-0.10714351047288029,0.04371460355987056,-0.06350325379609545,-0.0818195732696605,-0.1048401980584368
2014-08,0.006514657980456029,0.008077753221408024,0.0111492775037898,-0.01870463428252367,0.03167806909966142,0.014667888990749223,0.007018992568125437,0.0033851620567488805,0.058932384341636945,0.11121794871794877,0.02278013956846081,0.00010033161689637637,0.0075802664738529035,-0.019190729954145502,0.02584068661503469,-0.00024266022939101184,-0.012085308056872024,0.054552912223133854,0.008121399466067158,0.0740259740259741,0.017824711190997933,0.05066250974279041,0.013262188371784056,0.010430448793395941,0.05077760397140385,-0.014328319502074693,0.050774603020992126,-0.05891533359344514,-0.010711343037626886,0.03979560151010819,0.0004484350635451939,0.0014977143397356674,0.014567260648755465,0.005959375524592803,0.030102797664866898,0.0012700716683298197,0.023525494031159333,0.02257273510504354,0.03995920145344822,-0.016378889431399535,0.003016101341005051,0.03583078297214648,-0.00782744485652942,0.0036138960130567277,-0.0485906231116483,-0.027634945160718405,-0.11718034787915788,0.005416304261880223,0.049707457970227464,0.043119146722164325,-0.027659818661769697,-0.02313213197707442,-0.05338264218980493,-0.03749909159177345,-0.014360993688111612,0.04500870168232529,-0.048945858540637044
2014-09,-0.06148867313915862,-0.058950229493063944,-0.0026284825020874703,-0.021564722617354204,0.009669912698059724,-0.013470225872689978,0.022140221402213944,-0.029095900170782563,-0.07810189541605062,0.011537352177675153,0.0009411026586150228,0.00010032155147277066,-0.004864900537010386,-0.03880391450755927,-0.003523396571092574,-0.0749819714405171,-0.05133125449748133,-0.03531699727732407,-0.03902547806210621,-0.03184199919387343,-0.025036331193318828,-0.047223957519912485,-0.024363596634982998,-0.15284137465657688,-0.0073079989370182785,0.05071367493257917,-0.061414482520434355,-0.09286898839137658,-0.038659078289839166,-0.014030638975627174,0.0004584211973961416,-0.0009273179499158513,-0.00906832446224859,0.003337505214851877,-0.015614536021936187,0.0009060433088701192,0.01254463311272458,0.014176215412799564,-0.1477595472099058,-0.055595667870036114,-0.12063594867999017,-0.0021681862552648257,0.08544897035719212,-0.05889185735857816,-0.12493461854591648,-0.04840054183599041,0.00725890079502256,-0.14769375958475872,-0.0021401441657553644,-0.019733150445788383,-0.08852691218130315,0.006342829959300245,-0.10837075915805416,0.055268920041275704,-0.04130192115621878,-0.15217488402958124,0.08618148033446893
2014-10,0.008275862068965578,0.044482288828337824,-0.014071374884641497,-0.012677366829495273,-0.04113072047023303,0.011406210973274433,-0.12154031287605294,-0.005395722271383296,0.0501603966170896,0.009980039920159722,0.009167123716994574,5.015574403444134e-05,0.009909490309484736,-0.00831465548405741,0.017324213440883973,0.04895947403917833,-0.02326169405815426,-0.04556084186759135,-0.027673028949353196,-0.029975020815986686,-0.015132075471698037,0.03662193081309972,-0.0010078387458007931,0.07638256713700486,0.026145540534511014,0.05646675848253402,0.06784525688305965,-0.02468007312614251,-0.008302649628185499,0.023354057069982392,0.0008044151189312565,0.0032843067595533793,0.013789647387046022,0.001413721413721536,0.023113482592149293,-9.052231375039632e-05,-0.030281584160026798,-0.026763233571200362,0.021481916589745742,-0.10942278287461782,0.17459009206488374,0.020394687574663672,-0.005828495673293577,-0.033016539126141664,-0.05575954231064806,0.013112510265535171,0.0751544269045985,0.30145328719723175,-0.0837860450865553,0.002257910637621263,-0.05018130018130018,-0.04821681811019496,0.14005170467648154,0.015752820243745358,-0.10914327736242191,0.114599012583539,-0.06876553910722838
2014-11,-0.030893752849977085,-0.03262244831409378,0.0699135368819237,-0.023029803274826177,0.03874606537900971,0.01646361540994401,-0.017351598173515947,-0.013540785105136233,-0.06512079977783947,-0.051948051948052076,0.01234472049689428,7.522984284280554e-05,0.006834494419488912,-0.007502850022535146,0.028485558375976217,0.0011273478984046292,-0.05427560617827254,0.07206826630618446,-0.026014319809069097,0.011158798283261717,0.034656500249051536,0.017940794718567465,-0.030736464521914475,0.0572807921699221,0.045236266311095674,0.024057833609860246,0.0005130561298720693,-0.028116213683224034,-0.004004076878276197,0.027291845159280514,0.00010174285510800019,0.001569610698297419,0.01105224935256155,0.0009134695233350421,0.02119050058151095,-0.0010863661053773788,0.04443111562240487,0.03185915086038982,0.025337104364460128,-0.1439532138641484,-0.0016273271524759325,0.028941189764343234,0.010410074097225053,0.0027442721296828676,-0.037891119551455854,-0.06517333621551502,-0.07532716246409188,-0.02963593179481716,0.031048630850557535,-0.08916106104835642,-0.019360556275138108,0.0040836598421720716,-0.03168316831683171,0.01656511581493092,-0.1784412189585196,0.07411933909074331,0.017941887878509588
2014-12,-0.037995529937654426,0.016760153174046888,-0.019914677153139104,-0.0024115270995358484,-0.02487604718755343,0.005668934240362855,0.023698884758364347,-0.014221606282584398,0.0031189662854598232,-0.09797498511018465,0.013037809647979293,-0.0003008967349569236,-0.004707417491455312,-0.027086227161021603,0.01693112955425624,-0.014839296718533346,-0.010127737226277356,-0.05453542438332415,-0.11121661357510415,0.010611205432937254,-0.02227489029199925,0.008265372168284824,-0.0547948373964936,0.009323989901093954,-0.02322114862413316,-0.002025228561509107,0.028639873868219867,-0.06846673095467692,-0.02762955924274546,-0.003280412048058845,0.0002034650091049528,-0.002495548720905738,-0.0019677756180453976,0.0052269144611298834,0.013584575696770962,0.0014500634402754287,-0.03514359034083392,-0.028270709864628096,-0.018312922055625513,-0.20137887809464128,0.021219643498026075,0.0005672075894864737,-0.05030777003340614,0.007319246435845139,0.0027728169940781644,-0.007226060063011297,-0.010355540214014414,-0.02005625981806891,-0.2974689071017801,-0.008987668083327516,-0.0026416405978449964,-0.06419345974168722,-0.00038480990390732384,-0.03353735997228313,-0.19760529180272968,0.01944982272624407,-0.07962222155382448
