ID,both_missing,match,reference_missing
AN,229,323,0
AP,477,75,0
AX,347,204,1
BN,85,467,0
CA,361,191,0
CB,306,246,0
CC,145,407,0
CN,109,443,0
CT,49,503,0
DA,345,207,0
DT,251,298,3
EC,158,394,0
FB,241,311,0
FN,74,478,0
GS,251,299,2
HS,346,204,2
JN,109,443,0
JO,49,503,0
KC,61,491,0
LB,61,491,0
LX,253,297,2
MD,278,274,0
MP,317,235,0
MW,145,407,0
ND,328,224,0
NK,265,287,0
RL,290,262,0
SB,73,479,0
SN,85,467,0
SP,160,392,0
SS,273,261,18
TU,261,291,0
TY,169,383,0
UB,361,190,1
US,109,443,0
UZ,361,190,1
XU,387,164,1
XX,402,149,1
YM,400,152,0
ZA,169,383,0
ZB,193,359,0
ZC,13,539,0
ZD,352,200,0
ZF,109,443,0
ZG,73,479,0
ZI,49,503,0
ZK,241,311,0
ZL,1,551,0
ZM,1,551,0
ZN,265,287,0
ZO,73,479,0
ZP,49,503,0
ZR,217,335,0
ZS,1,551,0
ZT,25,527,0
ZU,181,371,0
ZW,1,551,0
ZZ,13,539,0
