ID,Month,reference,rebuilt,difference,status
AX,2014-12,,-0.019914677153139104,,reference_missing
DT,1997-03,,-0.022984731571170536,,reference_missing
DT,1997-04,,0.011930767938161724,,reference_missing
DT,2014-12,,0.013037809647979293,,reference_missing
GS,1997-03,,-0.02570610666937967,,reference_missing
GS,1997-04,,0.01491242125654657,,reference_missing
HS,2006-01,,0.06608239616593581,,reference_missing
HS,2006-02,,0.0018343398749516293,,reference_missing
LX,1997-03,,0.0016485854073600148,,reference_missing
LX,1997-04,,0.032227236527740954,,reference_missing
SS,1991-12,,-0.006681842376470848,,reference_missing
SS,1992-01,,0.004936779577922268,,reference_missing
SS,1992-12,,0.00033146973681308367,,reference_missing
SS,1993-01,,0.008571176106741962,,reference_missing
SS,1993-12,,-0.0002203589647535864,,reference_missing
SS,1994-01,,-0.0012563229411182153,,reference_missing
SS,1994-12,,-0.0016075577234340166,,reference_missing
SS,1995-01,,0.002481389578163906,,reference_missing
SS,1995-12,,-0.0004228146445647285,,reference_missing
SS,1996-01,,0.00138828633405641,,reference_missing
SS,1996-12,,-0.00010873820190515637,,reference_missing
SS,1997-01,,0.003860625965156572,,reference_missing
SS,1997-03,,-0.0014940239043823578,,reference_missing
SS,1997-04,,0.001073403447901855,,reference_missing
SS,1997-12,,0.0027081331353193683,,reference_missing
SS,1998-01,,0.000969245513155581,,reference_missing
SS,1998-12,,0.004677715191178544,,reference_missing
SS,1999-01,,-0.0009506319541967567,,reference_missing
UB,2014-12,,0.0052269144611298834,,reference_missing
UZ,2014-12,,0.0014500634402754287,,reference_missing
XU,2014-12,,-0.03514359034083392,,reference_missing
XX,2014-12,,-0.028270709864628096,,reference_missing
