Month,COMM,EQ,FI,FX
1969-01,0,0,0,0
1969-02,4,0,0,0
1969-03,4,0,0,0
1969-04,4,0,0,0
1969-05,4,0,0,0
1969-06,4,0,0,0
1969-07,4,0,0,0
1969-08,4,0,0,0
1969-09,4,0,0,0
1969-10,4,0,0,0
1969-11,4,0,0,0
1969-12,4,0,0,0
1970-01,4,0,0,0
1970-02,6,0,0,0
1970-03,6,0,0,0
1970-04,6,0,0,0
1970-05,6,0,0,0
1970-06,6,0,0,0
1970-07,6,0,0,0
1970-08,6,0,0,0
1970-09,6,0,0,0
1970-10,6,0,0,0
1970-11,6,0,0,0
1970-12,6,0,0,0
1971-01,6,0,0,0
1971-02,7,0,0,0
1971-03,7,0,0,0
1971-04,7,0,0,0
1971-05,7,0,0,0
1971-06,7,0,0,0
1971-07,7,0,0,0
1971-08,7,0,0,0
1971-09,7,0,0,0
1971-10,7,0,0,0
1971-11,7,0,0,0
1971-12,7,0,0,0
1972-01,7,0,0,0
1972-02,7,0,0,0
1972-03,7,0,0,0
1972-04,7,0,0,0
1972-05,7,0,0,0
1972-06,7,0,0,0
1972-07,7,0,0,0
1972-08,7,0,0,0
1972-09,7,0,0,0
1972-10,7,0,0,0
1972-11,7,0,0,0
1972-12,7,0,0,0
1973-01,7,0,0,0
1973-02,11,0,0,0
1973-03,11,0,0,0
1973-04,11,0,0,0
1973-05,11,0,0,0
1973-06,11,0,0,0
1973-07,11,0,0,0
1973-08,11,0,0,0
1973-09,11,0,0,0
1973-10,11,0,0,0
1973-11,11,0,0,0
1973-12,11,0,0,0
1974-01,11,0,0,0
1974-02,13,0,0,0
1974-03,13,0,0,0
1974-04,13,0,0,0
1974-05,13,0,0,0
1974-06,13,0,0,0
1974-07,13,0,0,0
1974-08,13,0,0,0
1974-09,13,0,0,0
1974-10,13,0,0,0
1974-11,13,0,0,0
1974-12,13,0,0,0
1975-01,13,0,0,0
1975-02,16,0,0,0
1975-03,16,0,0,1
1975-04,16,0,0,1
1975-05,16,0,0,1
1975-06,16,0,0,1
1975-07,16,0,0,1
1975-08,16,0,0,1
1975-09,16,0,0,1
1975-10,16,0,0,1
1975-11,16,0,0,1
1975-12,16,0,0,1
1976-01,16,0,0,1
1976-02,16,0,0,3
1976-03,16,0,0,3
1976-04,16,0,0,3
1976-05,16,0,0,3
1976-06,16,0,0,3
1976-07,16,0,0,3
1976-08,16,0,0,3
1976-09,16,0,0,3
1976-10,16,0,0,3
1976-11,16,0,0,3
1976-12,16,0,0,3
1977-01,16,0,0,3
1977-02,16,0,0,3
1977-03,16,0,0,3
1977-04,16,0,0,3
1977-05,16,0,0,3
1977-06,16,0,0,3
1977-07,16,0,0,3
1977-08,16,0,0,3
1977-09,16,0,0,3
1977-10,16,0,0,3
1977-11,16,0,0,3
1977-12,16,0,0,3
1978-01,16,0,0,3
1978-02,17,0,1,5
1978-03,17,0,1,5
1978-04,17,0,1,5
1978-05,17,0,1,5
1978-06,17,0,1,5
1978-07,17,0,1,5
1978-08,17,0,1,5
1978-09,17,0,1,5
1978-10,17,0,1,5
1978-11,17,0,1,5
1978-12,17,0,1,5
1979-01,17,0,1,5
1979-02,17,0,1,5
1979-03,17,0,1,5
1979-04,17,0,1,5
1979-05,17,0,1,5
1979-06,17,0,1,5
1979-07,17,0,1,5
1979-08,17,0,1,5
1979-09,17,0,1,5
1979-10,17,0,1,5
1979-11,17,0,1,5
1979-12,17,0,1,5
1980-01,17,0,1,5
1980-02,17,0,1,5
1980-03,17,0,1,5
1980-04,17,0,1,5
1980-05,17,0,1,5
1980-06,17,0,1,5
1980-07,17,0,1,5
1980-08,17,0,1,5
1980-09,17,0,1,5
1980-10,17,0,1,5
1980-11,17,0,1,5
1980-12,17,0,1,5
1981-01,17,0,1,5
1981-02,19,0,1,5
1981-03,19,0,1,5
1981-04,19,0,1,5
1981-05,19,0,1,5
1981-06,19,0,1,5
1981-07,19,0,1,5
1981-08,19,0,1,5
1981-09,19,0,1,5
1981-10,19,0,1,5
1981-11,19,0,1,5
1981-12,19,0,1,5
1982-01,19,0,1,5
1982-02,19,0,1,5
1982-03,19,0,1,6
1982-04,19,0,1,6
1982-05,19,1,1,6
1982-06,19,1,1,6
1982-07,19,1,1,6
1982-08,19,1,1,6
1982-09,19,1,1,6
1982-10,19,1,1,6
1982-11,19,1,1,6
1982-12,19,1,1,6
1983-01,19,1,1,6
1983-02,20,1,2,6
1983-03,20,1,2,6
1983-04,20,1,2,6
1983-05,20,1,2,6
1983-06,20,1,2,6
1983-07,20,1,2,6
1983-08,20,1,2,6
1983-09,20,1,2,6
1983-10,20,1,2,6
1983-11,20,1,2,6
1983-12,20,1,2,6
1984-01,20,1,2,6
1984-02,21,1,2,6
1984-03,21,1,2,6
1984-04,21,1,2,6
1984-05,21,1,2,6
1984-06,21,1,2,6
1984-07,21,1,2,6
1984-08,21,1,2,6
1984-09,21,1,2,6
1984-10,21,1,2,6
1984-11,21,1,2,6
1984-12,21,1,2,6
1985-01,21,1,2,6
1985-02,22,1,2,6
1985-03,22,1,2,6
1985-04,22,1,2,6
1985-05,22,1,2,6
1985-06,22,1,2,6
1985-07,22,1,2,6
1985-08,22,1,2,6
1985-09,22,1,2,6
1985-10,22,1,2,6
1985-11,22,1,2,6
1985-12,22,1,2,6
1986-01,22,1,2,6
1986-02,22,1,2,6
1986-03,22,1,2,6
1986-04,22,1,2,6
1986-05,22,1,2,6
1986-06,22,1,2,6
1986-07,22,1,2,6
1986-08,22,1,2,6
1986-09,22,1,2,6
1986-10,22,1,2,6
1986-11,22,1,2,6
1986-12,22,1,2,6
1987-01,22,1,2,6
1987-02,23,1,2,6
1987-03,23,1,2,6
1987-04,23,1,2,6
1987-05,23,1,2,6
1987-06,23,1,2,6
1987-07,23,1,2,6
1987-08,23,1,2,6
1987-09,23,1,2,6
1987-10,23,1,2,6
1987-11,23,1,2,6
1987-12,23,1,2,6
1988-01,23,1,2,6
1988-02,23,1,2,7
1988-03,23,1,2,7
1988-04,23,1,2,7
1988-05,23,1,2,7
1988-06,23,1,2,7
1988-07,23,1,2,7
1988-08,23,1,2,7
1988-09,23,1,2,7
1988-10,23,1,2,7
1988-11,23,1,2,7
1988-12,23,1,2,7
1989-01,23,1,2,7
1989-02,24,1,3,7
1989-03,24,1,3,7
1989-04,24,1,3,7
1989-05,24,1,3,7
1989-06,24,1,3,7
1989-07,24,1,3,7
1989-08,24,1,3,7
1989-09,24,1,3,7
1989-10,24,1,3,7
1989-11,24,1,3,7
1989-12,24,1,5,7
1990-01,24,1,5,7
1990-02,24,2,5,7
1990-03,24,2,5,7
1990-04,24,2,5,7
1990-05,24,2,5,7
1990-06,24,2,5,7
1990-07,24,2,5,7
1990-08,24,2,5,7
1990-09,24,2,5,7
1990-10,24,2,6,7
1990-11,24,2,6,7
1990-12,24,2,6,7
1991-01,24,2,6,7
1991-02,25,3,6,7
1991-03,25,3,6,7
1991-04,25,3,6,7
1991-05,25,3,6,7
1991-06,25,3,6,7
1991-07,25,3,6,7
1991-08,25,3,6,7
1991-09,25,3,6,7
1991-10,25,3,7,7
1991-11,25,3,7,7
1991-12,25,3,7,7
1992-01,25,3,7,7
1992-02,25,3,7,7
1992-03,25,4,7,7
1992-04,25,4,7,7
1992-05,25,4,7,7
1992-06,25,4,7,7
1992-07,25,4,7,7
1992-08,25,4,7,7
1992-09,25,4,7,7
1992-10,25,4,7,7
1992-11,25,4,7,7
1992-12,25,4,7,7
1993-01,25,4,7,7
1993-02,25,4,7,7
1993-03,25,5,7,7
1993-04,25,5,7,7
1993-05,25,5,7,7
1993-06,25,5,7,7
1993-07,25,5,7,7
1993-08,25,5,7,7
1993-09,25,5,7,7
1993-10,25,5,7,7
1993-11,25,5,7,7
1993-12,25,5,7,7
1994-01,25,5,7,7
1994-02,25,5,7,7
1994-03,25,5,7,7
1994-04,25,5,7,7
1994-05,25,5,7,7
1994-06,25,5,7,7
1994-07,25,5,8,7
1994-08,25,5,8,7
1994-09,25,5,8,7
1994-10,25,5,8,7
1994-11,25,5,8,7
1994-12,25,5,8,7
1995-01,25,5,8,7
1995-02,25,5,8,7
1995-03,25,5,8,7
1995-04,25,5,8,7
1995-05,25,5,8,7
1995-06,25,5,8,8
1995-07,25,5,8,8
1995-08,25,5,8,8
1995-09,25,5,8,8
1995-10,25,5,8,8
1995-11,25,5,8,8
1995-12,25,5,8,8
1996-01,25,5,8,8
1996-02,25,5,8,8
1996-03,25,5,8,8
1996-04,25,5,8,8
1996-05,25,6,8,8
1996-06,25,6,8,8
1996-07,25,6,8,8
1996-08,25,6,8,8
1996-09,25,6,8,8
1996-10,25,6,8,8
1996-11,25,6,8,8
1996-12,25,6,8,8
1997-01,25,6,8,8
1997-02,25,6,8,8
1997-03,25,6,8,8
1997-04,25,6,8,8
1997-05,25,6,8,8
1997-06,25,6,8,8
1997-07,25,6,8,8
1997-08,25,6,8,8
1997-09,25,6,8,8
1997-10,26,6,8,8
1997-11,26,7,8,8
1997-12,26,8,8,8
1998-01,26,8,8,8
1998-02,26,8,8,8
1998-03,26,8,8,8
1998-04,26,8,8,8
1998-05,26,9,8,8
1998-06,26,9,8,8
1998-07,26,9,8,8
1998-08,26,9,8,8
1998-09,26,9,8,8
1998-10,26,9,8,8
1998-11,26,9,8,8
1998-12,26,9,8,8
1999-01,26,9,8,8
1999-02,26,10,10,8
1999-03,26,10,10,8
1999-04,26,10,10,8
1999-05,26,10,10,8
1999-06,26,10,10,8
1999-07,26,10,10,8
1999-08,26,10,10,8
1999-09,26,10,10,8
1999-10,26,10,10,8
1999-11,26,10,10,8
1999-12,26,10,10,8
2000-01,26,10,10,8
2000-02,26,10,10,8
2000-03,26,10,10,8
2000-04,26,10,10,8
2000-05,26,10,10,8
2000-06,26,10,10,8
2000-07,26,10,10,8
2000-08,26,10,10,8
2000-09,26,10,10,8
2000-10,26,10,10,8
2000-11,26,10,10,8
2000-12,26,10,10,8
2001-01,26,10,10,8
2001-02,26,10,10,8
2001-03,26,10,10,8
2001-04,26,11,10,8
2001-05,26,11,10,8
2001-06,26,11,10,8
2001-07,26,11,10,8
2001-08,26,11,10,8
2001-09,26,11,10,8
2001-10,26,11,10,8
2001-11,26,11,10,8
2001-12,26,11,10,8
2002-01,26,11,10,8
2002-02,26,11,10,8
2002-03,26,11,10,8
2002-04,26,11,10,8
2002-05,26,11,10,8
2002-06,26,11,10,8
2002-07,26,12,10,8
2002-08,26,12,10,8
2002-09,26,12,10,8
2002-10,26,12,10,8
2002-11,26,12,10,8
2002-12,26,12,10,8
2003-01,26,12,10,8
2003-02,26,12,10,8
2003-03,26,12,10,8
2003-04,26,12,10,8
2003-05,26,12,10,8
2003-06,26,12,10,8
2003-07,26,12,10,8
2003-08,26,12,10,8
2003-09,26,12,10,8
2003-10,26,12,10,8
2003-11,26,12,10,8
2003-12,26,12,10,8
2004-01,26,12,10,8
2004-02,26,12,10,8
2004-03,26,12,10,8
2004-04,26,12,10,8
2004-05,26,12,10,8
2004-06,26,12,10,8
2004-07,26,12,10,8
2004-08,26,12,10,8
2004-09,26,12,10,8
2004-10,26,12,10,8
2004-11,26,12,10,8
2004-12,26,12,10,8
2005-01,26,12,10,8
2005-02,26,12,10,8
2005-03,26,12,10,8
2005-04,26,12,10,8
2005-05,26,12,10,8
2005-06,26,12,10,8
2005-07,26,12,10,8
2005-08,26,12,10,8
2005-09,26,12,10,8
2005-10,26,12,10,8
2005-11,26,12,10,8
2005-12,26,12,10,8
2006-01,26,12,10,8
2006-02,26,12,10,8
2006-03,26,12,10,8
2006-04,26,12,10,8
2006-05,26,12,10,8
2006-06,26,12,10,8
2006-07,26,12,10,8
2006-08,26,12,10,8
2006-09,26,12,10,8
2006-10,26,12,10,8
2006-11,26,12,10,8
2006-12,26,12,10,8
2007-01,26,12,10,8
2007-02,26,12,10,8
2007-03,26,12,10,8
2007-04,26,12,10,8
2007-05,26,12,10,8
2007-06,26,12,10,8
2007-07,26,12,10,8
2007-08,26,12,10,8
2007-09,26,12,10,8
2007-10,26,12,10,8
2007-11,26,12,10,8
2007-12,26,12,10,8
2008-01,26,12,10,8
2008-02,26,12,10,8
2008-03,26,12,10,8
2008-04,26,12,10,8
2008-05,26,12,10,8
2008-06,26,12,10,8
2008-07,26,12,10,8
2008-08,26,12,10,8
2008-09,26,12,10,8
2008-10,26,13,10,8
2008-11,26,13,10,8
2008-12,26,13,10,8
2009-01,26,13,10,8
2009-02,26,13,10,8
2009-03,26,13,10,8
2009-04,26,13,10,8
2009-05,26,13,10,8
2009-06,26,13,10,8
2009-07,26,13,10,8
2009-08,26,13,10,8
2009-09,26,13,10,8
2009-10,26,13,10,8
2009-11,26,13,10,8
2009-12,26,13,10,8
2010-01,26,13,10,8
2010-02,26,13,10,8
2010-03,26,13,10,8
2010-04,26,13,10,8
2010-05,26,13,10,8
2010-06,26,13,10,8
2010-07,26,13,10,8
2010-08,26,13,10,8
2010-09,26,13,10,8
2010-10,26,13,10,8
2010-11,26,13,10,8
2010-12,26,13,10,8
2011-01,26,13,10,8
2011-02,26,13,10,8
2011-03,26,13,10,8
2011-04,26,13,10,8
2011-05,26,13,10,8
2011-06,26,13,10,8
2011-07,26,13,10,8
2011-08,26,13,10,8
2011-09,26,13,10,8
2011-10,26,13,10,8
2011-11,26,13,10,8
2011-12,26,13,10,8
2012-01,26,13,10,8
2012-02,26,13,10,8
2012-03,26,13,10,8
2012-04,26,13,10,8
2012-05,26,13,10,8
2012-06,26,13,10,8
2012-07,26,13,10,8
2012-08,26,13,10,8
2012-09,26,13,10,8
2012-10,26,13,10,8
2012-11,26,13,10,8
2012-12,26,13,10,8
2013-01,26,13,10,8
2013-02,26,13,10,8
2013-03,26,13,10,8
2013-04,26,13,10,8
2013-05,26,13,10,8
2013-06,26,13,10,8
2013-07,26,13,10,8
2013-08,26,13,10,8
2013-09,26,13,10,8
2013-10,26,13,10,8
2013-11,26,13,10,8
2013-12,26,13,10,8
2014-01,26,13,10,8
2014-02,26,13,10,8
2014-03,26,13,10,8
2014-04,26,13,10,8
2014-05,26,13,10,8
2014-06,26,13,10,8
2014-07,26,13,10,8
2014-08,26,13,10,8
2014-09,26,13,10,8
2014-10,26,13,10,8
2014-11,26,13,10,8
2014-12,26,13,10,8
