level,ID,lag_months,autocorrelation,n_pairs,approx_95_bound
instrument,AN,1,0.033954339431144925,322,0.10922652966476915
instrument,AN,2,-0.0025452543686851747,321,0.10939653214844572
instrument,AN,3,0.1404296373498734,320,0.10956733089748968
instrument,AN,4,-0.05037280969586606,319,0.10973893214734745
instrument,AN,5,-0.007206466833445924,318,0.10991134220204068
instrument,AN,6,0.051770467813870305,317,0.11008456743513916
instrument,AN,7,-0.051935392771041866,316,0.11025861429075035
instrument,AN,8,-0.013647139849590388,315,0.11043348928452616
instrument,AN,9,-0.05363653613070038,314,0.11060919900468767
instrument,AN,10,0.04791211525126388,313,0.11078575011306742
instrument,AN,11,-0.005761043219657543,312,0.11096314934617037
instrument,AN,12,-0.03484102910801508,311,0.11114140351625357
instrument,AN,13,-0.0865818927640585,310,0.1113205195124247
instrument,AN,14,0.06340969184019904,309,0.11150050430176055
instrument,AN,15,0.04482256789880814,308,0.11168136493044518
instrument,AN,16,-0.018616242656715104,307,0.11186310852492852
instrument,AN,17,0.023182781027628295,306,0.11204574229310578
instrument,AN,18,-0.00543587552355713,305,0.11222927352551818
instrument,AN,19,0.08401248727681726,304,0.11241370959657525
instrument,AN,20,0.05979910896636392,303,0.1125990579657995
instrument,AN,21,0.08409636978027987,302,0.11278532617909345
instrument,AN,22,0.004230887578718242,301,0.11297252187003005
instrument,AN,23,-0.0787812133837643,300,0.11316065276116663
instrument,AN,24,-0.02887509301734321,299,0.11334972666538308
instrument,AP,1,0.08605988347528859,74,0.2278453719378858
instrument,AP,2,-0.029314271196076797,73,0.2294006485044159
instrument,AP,3,0.2529358664433876,72,0.23098821518760554
instrument,AP,4,-0.005208239575649941,71,0.23260920500599525
instrument,AP,5,-0.11609989521289293,70,0.23426480742954114
instrument,AP,6,-0.09150113088000374,69,0.23595627204810762
instrument,AP,7,-0.13465732291232582,68,0.2376849125356063
instrument,AP,8,-0.08127857498355572,67,0.23945211093835822
instrument,AP,9,-0.2747131664069586,66,0.24125932231949213
instrument,AP,10,-0.15254926504039099,65,0.24310807979484858
instrument,AP,11,-0.1783661926488628,64,0.245
instrument,AP,12,0.2755220140840734,63,0.24693678903269511
instrument,AP,13,-0.054073787667952414,62,0.24892024892037337
instrument,AP,14,-0.23100147263275062,61,0.25095228466847613
instrument,AP,15,0.29198095470220564,60,0.2530349119522179
instrument,AP,16,0.01337623110613491,59,0.2551702655224148
instrument,AP,17,-0.2636204910293864,58,0.2573606084050562
instrument,AP,18,0.328026017224196,57,0.2596083419847486
instrument,AP,19,0.09758021516641797,56,0.2619160170741759
instrument,AP,20,-0.05977887378450769,55,0.2642863460855909
instrument,AP,21,-0.17421465932372743,54,0.2667222164363905
instrument,AP,22,-0.02530598449472461,53,0.2692267053394305
instrument,AP,23,-0.12916468342976642,52,0.2718030961503623
instrument,AP,24,-0.09083505290678164,51,0.2744548964694899
instrument,AX,1,0.09329891006322047,204,0.13722744823474495
instrument,AX,2,-0.003558302730248096,203,0.1375650316433449
instrument,AX,3,0.049181307700440734,202,0.1379051187671372
instrument,AX,4,0.01428698885367355,201,0.13824774070828524
instrument,AX,5,-0.00750572851656605,200,0.1385929291125633
instrument,AX,6,0.04988688094628616,199,0.13894071618163384
instrument,AX,7,-0.05010793793393557,198,0.13929113468566548
instrument,AX,8,0.0822642724440682,197,0.13964421797630291
instrument,AX,9,-0.06982024326244661,196,0.13999999999999999
instrument,AX,10,-0.07515883065133928,195,0.14035851531172885
instrument,AX,11,0.010991408890029142,194,0.14071979908907667
instrument,AX,12,0.10269277310255741,193,0.14108388714674414
instrument,AX,13,-0.04934695077777027,192,0.1414508159514583
instrument,AX,14,-0.057083293798976954,191,0.14182062263731463
instrument,AX,15,-0.0426442878359295,190,0.14219334502156228
instrument,AX,16,0.02373540001079572,189,0.14256902162084836
instrument,AX,17,-0.06565981878358018,188,0.14294769166793667
instrument,AX,18,0.0057816945634162386,187,0.1433293951289176
instrument,AX,19,0.08984066211603703,186,0.14371417272092624
instrument,AX,20,-0.0416365007931875,185,0.1441020659303863
instrument,AX,21,-0.07467007491987168,184,0.14449311703179918
instrument,AX,22,0.04017577143610012,183,0.14488736910709626
instrument,AX,23,0.0014420892987650378,182,0.14528486606557584
instrument,AX,24,0.07550850850351486,181,0.1456856526644446
instrument,BN,1,0.07452782888608948,466,0.09079524670396757
instrument,BN,2,0.04797555451889626,465,0.09089282356899299
instrument,BN,3,0.03658320196347801,464,0.09099071570675542
instrument,BN,4,0.011027868619393194,463,0.09108892481867392
instrument,BN,5,0.01034494507207353,462,0.09118745261905015
instrument,BN,6,-0.04368213568512911,461,0.09128630083519397
instrument,BN,7,-0.04906569792124379,460,0.09138547120755075
instrument,BN,8,0.005023159143012146,459,0.09148496548982997
instrument,BN,9,0.03207652643122322,458,0.09158478544913556
instrument,BN,10,-0.05252184916637501,457,0.09168493286609765
instrument,BN,11,0.05969519287799786,456,0.09178540953500601
instrument,BN,12,0.01695857497263509,455,0.0918862172639451
instrument,BN,13,0.005401430867960344,454,0.09198735787493069
instrument,BN,14,-0.10188201974139079,453,0.09208883320404815
instrument,BN,15,-0.02805421387073409,452,0.09219064510159253
instrument,BN,16,0.011800886644401992,451,0.09229279543221017
instrument,BN,17,0.014338201270619858,450,0.0923952860750422
instrument,BN,18,0.09777810264402069,449,0.09249811892386971
instrument,BN,19,0.020844559823931925,448,0.09260129588726067
instrument,BN,20,0.05480608495919129,447,0.09270481888871882
instrument,BN,21,0.04338455409068731,446,0.09280868986683417
instrument,BN,22,0.017571431778841164,445,0.09291291077543552
instrument,BN,23,0.03602081192747605,444,0.09301748358374491
instrument,BN,24,-0.01904892972599304,443,0.09312241027653366
instrument,CA,1,0.10177965528338681,190,0.14219334502156228
instrument,CA,2,0.007572118503175875,189,0.14256902162084836
instrument,CA,3,0.08820733530308683,188,0.14294769166793667
instrument,CA,4,0.1249178269325725,187,0.1433293951289176
instrument,CA,5,0.005279590749168477,186,0.14371417272092624
instrument,CA,6,0.05867083753932482,185,0.1441020659303863
instrument,CA,7,-0.0007182353285086079,184,0.14449311703179918
instrument,CA,8,0.1164518502902066,183,0.14488736910709626
instrument,CA,9,-0.06889135149930896,182,0.14528486606557584
instrument,CA,10,-0.03733652493062036,181,0.1456856526644446
instrument,CA,11,-0.049750046384890154,180,0.14608977452998625
instrument,CA,12,0.08919593113467601,179,0.14649727817937944
instrument,CA,13,-0.018657652463569856,178,0.14690821104318882
instrument,CA,14,-0.050639953327254704,177,0.14732262148855446
instrument,CA,15,-0.0667079955022808,176,0.14774055884310416
instrument,CA,16,0.049679790326525475,175,0.14816207341961707
instrument,CA,17,-0.05471315029393627,174,0.14858721654146506
instrument,CA,18,0.007736989534684479,173,0.14901604056886228
instrument,CA,19,0.08382593365863147,172,0.14944859892595258
instrument,CA,20,-0.08318008969731278,171,0.14988494612876702
instrument,CA,21,-0.1182117327441605,170,0.1503251378140846
instrument,CA,22,-0.014166525574125339,169,0.15076923076923077
instrument,CA,23,-0.0637351641587153,168,0.15121728296285006
instrument,CA,24,-0.023380442751652075,167,0.1516693535766908
instrument,CB,1,0.007139428725900316,245,0.12521980673998823
instrument,CB,2,-0.1109557786826447,244,0.12547614233423807
instrument,CB,3,0.09334041362584816,243,0.1257340586235185
instrument,CB,4,-0.04214883832656112,242,0.1259935719205121
instrument,CB,5,-0.15127419292534583,241,0.12625469877456283
instrument,CB,6,0.0014917029745311395,240,0.12651745597610894
instrument,CB,7,-0.08819230933928322,239,0.12678186056121757
instrument,CB,8,0.0015883399371549715,238,0.12704792981622423
instrument,CB,9,0.1426062045318656,237,0.12731568128247966
instrument,CB,10,-0.044529890266783494,236,0.1275851327612074
instrument,CB,11,0.1413340296119315,235,0.12785630231847467
instrument,CB,12,-0.01686219997952206,234,0.12812920829028024
instrument,CB,13,-0.10303590920212533,233,0.128403869287762
instrument,CB,14,0.027952625769444277,232,0.1286803042025281
instrument,CB,15,0.05369272087285095,231,0.12895853221211473
instrument,CB,16,-0.03997649078894446,230,0.12923857278557424
instrument,CB,17,0.05318289202799181,229,0.1295204456891976
instrument,CB,18,0.018004475267147085,228,0.1298041709923743
instrument,CB,19,-0.055215731473421695,227,0.1300897690735945
instrument,CB,20,0.10593509374957796,226,0.1303772606265969
instrument,CB,21,-0.08783800050192607,225,0.13066666666666665
instrument,CB,22,-0.08603883470755053,224,0.13095800853708794
instrument,CB,23,0.005702323873626986,223,0.13125130791575532
instrument,CB,24,-0.08490195387120962,222,0.13154658682194875
instrument,CC,1,-0.11975775544580697,406,0.09727316672915115
instrument,CC,2,0.0032050612252098555,405,0.09739318301999084
instrument,CC,3,-0.06762159840435429,404,0.09751364464057893
instrument,CC,4,0.008735243236784021,403,0.0976345543517967
instrument,CC,5,0.0177184085893469,402,0.09775591493854802
instrument,CC,6,0.01238143550746594,401,0.09787772921002877
instrument,CC,7,0.0315463089115347,400,0.098
instrument,CC,8,0.023510968586078665,399,0.09812273016706474
instrument,CC,9,-0.0012270483452956125,398,0.09824592259494876
instrument,CC,10,-0.013153884994240951,397,0.09836958019278513
instrument,CC,11,0.108406706124637,396,0.09849370589540278
instrument,CC,12,-0.06849272773878595,395,0.09861830266361901
instrument,CC,13,0.0386979578154229,394,0.09874337348453616
instrument,CC,14,-0.03851337535741219,393,0.09886892137184239
instrument,CC,15,0.03352209314022554,392,0.09899494936611665
instrument,CC,16,0.0868605404597924,391,0.09912146053513803
instrument,CC,17,-0.009905542263298421,390,0.09924845797419933
instrument,CC,18,0.04147362277768217,389,0.09937594480642518
instrument,CC,19,0.0709726609993881,388,0.09950392418309467
instrument,CC,20,-0.09386921702995268,387,0.09963239928396839
instrument,CC,21,-0.04569822331323092,386,0.09976137331762037
instrument,CC,22,-0.012776252517913976,385,0.09989084952177461
instrument,CC,23,0.028939119297141644,384,0.10002083116364645
instrument,CC,24,0.001494063454621205,383,0.10015132154028883
instrument,CN,1,-0.060184186642263666,442,0.09322769285428083
instrument,CN,2,0.04208641151006724,441,0.09333333333333334
instrument,CN,3,0.00643081257919013,440,0.09343933374606804
instrument,CN,4,0.10054347087814601,439,0.09354569614105614
instrument,CN,5,-0.020871500166547437,438,0.09365242258322934
instrument,CN,6,-0.09333115723978821,437,0.0937595151540482
instrument,CN,7,-0.009258677099917359,436,0.09386697595167283
instrument,CN,8,0.033717889039363076,435,0.09397480709113529
instrument,CN,9,-0.01670761628583457,434,0.09408301070451458
instrument,CN,10,0.04181979836257674,433,0.0941915889411137
instrument,CN,11,0.04199676372319986,432,0.09430054396763887
instrument,CN,12,0.0478935239740122,431,0.09440987796838125
instrument,CN,13,-0.1302443656662285,430,0.09451959314540077
instrument,CN,14,-0.029848658164404275,429,0.09462969171871244
instrument,CN,15,0.02473228953499327,428,0.09474017592647502
instrument,CN,16,-0.025551005023795523,427,0.09485104802518214
instrument,CN,17,0.014162627280321773,426,0.0949623102898558
instrument,CN,18,-0.007374809705927532,425,0.09507396501424252
instrument,CN,19,0.09468341008946754,424,0.09518601451101188
instrument,CN,20,0.003349897298619996,423,0.09529846111195776
instrument,CN,21,0.09143487274969626,422,0.09541130716820215
instrument,CN,22,0.032698185397667216,421,0.09552455505040154
instrument,CN,23,0.025246664370255807,420,0.09563820714895625
instrument,CN,24,-0.02506788845334294,419,0.09575226587422217
instrument,CT,1,0.04530405121995476,502,0.08747908116478055
instrument,CT,2,0.08059586205287676,501,0.08756634211531897
instrument,CT,3,0.07116904355459795,500,0.08765386471799175
instrument,CT,4,0.15054888802184066,499,0.08774165028302566
instrument,CT,5,-0.01764141741719704,498,0.08782970012985128
instrument,CT,6,-0.001423693169701638,497,0.08791801558718629
instrument,CT,7,0.06493714410556217,496,0.0880065979931197
instrument,CT,8,-0.023745761528792455,495,0.08809544869519696
instrument,CT,9,-0.11928371946416211,494,0.08818456905050612
instrument,CT,10,0.07372511843824575,493,0.08827396042576481
instrument,CT,11,0.03108618481785919,492,0.08836362419740836
instrument,CT,12,-0.08716620176286488,491,0.08845356175167875
instrument,CT,13,-0.05807961907609078,490,0.08854377448471462
instrument,CT,14,-0.02008207392706272,489,0.08863426380264237
instrument,CT,15,-0.05357072482579286,488,0.08872503112166816
instrument,CT,16,-0.06892322408163165,487,0.08881607786817097
instrument,CT,17,-0.027170612473067745,486,0.08890740547879683
instrument,CT,18,-0.01579166040041169,485,0.08899901540055397
instrument,CT,19,-0.035888468093709394,484,0.0890909090909091
instrument,CT,20,-0.04464001263321285,483,0.08918308801788485
instrument,CT,21,0.005651082553301079,482,0.08927555366015828
instrument,CT,22,0.009804936299651372,481,0.08936830750716042
instrument,CT,23,-0.01685339191060883,480,0.08946135105917713
instrument,CT,24,0.005467234021112181,479,0.08955468582745095
instrument,DA,1,0.1766731329841417,206,0.13655967080115705
instrument,DA,2,0.14026427930035135,205,0.13689233797083733
instrument,DA,3,0.05066399666076832,204,0.13722744823474495
instrument,DA,4,0.16743509302330833,203,0.1375650316433449
instrument,DA,5,0.0474137364476072,202,0.1379051187671372
instrument,DA,6,0.11547875124996387,201,0.13824774070828524
instrument,DA,7,0.017927458057001553,200,0.1385929291125633
instrument,DA,8,0.10700610723408162,199,0.13894071618163384
instrument,DA,9,0.03704477637545055,198,0.13929113468566548
instrument,DA,10,0.05979685234034887,197,0.13964421797630291
instrument,DA,11,0.03804423240039455,196,0.13999999999999999
instrument,DA,12,-0.10726210050207632,195,0.14035851531172885
instrument,DA,13,-0.19241531021838962,194,0.14071979908907667
instrument,DA,14,-0.19206902887249303,193,0.14108388714674414
instrument,DA,15,-0.11143376133848408,192,0.1414508159514583
instrument,DA,16,-0.055611240413742206,191,0.14182062263731463
instrument,DA,17,-0.12725894030089197,190,0.14219334502156228
instrument,DA,18,-0.05233965717824375,189,0.14256902162084836
instrument,DA,19,-0.06333159721065132,188,0.14294769166793667
instrument,DA,20,-0.14848141058218803,187,0.1433293951289176
instrument,DA,21,-0.1541472913085271,186,0.14371417272092624
instrument,DA,22,-0.05051172183994747,185,0.1441020659303863
instrument,DA,23,-0.07820697018435936,184,0.14449311703179918
instrument,DA,24,-0.10719585415798356,183,0.14488736910709626
instrument,DT,1,0.02717973225118095,300,0.11316065276116663
instrument,DT,2,-0.04389739924105577,299,0.11334972666538308
instrument,DT,3,0.12974940948471148,298,0.11353975148724448
instrument,DT,4,0.1014964283468755,297,0.11373073522438926
instrument,DT,5,-0.11798825470954517,296,0.1139226859689429
instrument,DT,6,-0.10878730428706755,295,0.11411561190895808
instrument,DT,7,0.08292062268179508,294,0.11430952132988163
instrument,DT,8,-0.03211883036664028,293,0.11450442261604925
instrument,DT,9,-0.0996491702238122,292,0.11470032425220796
instrument,DT,10,0.05981343374690093,291,0.11489723482506764
instrument,DT,11,0.05667494469647754,290,0.11509516302488187
instrument,DT,12,-0.0893753038119511,289,0.11529411764705882
instrument,DT,13,-0.05901142225821452,288,0.11549410759380277
instrument,DT,14,0.029565991765189554,287,0.11569514187578724
instrument,DT,15,-0.05496514261315309,286,0.11589722961386019
instrument,DT,16,-0.02496743738854813,285,0.11610038004078209
instrument,DT,17,-0.05126769741820743,284,0.11630460250299762
instrument,DT,18,0.05072779744047761,283,0.11650990646244175
instrument,DT,19,0.01965361624140669,282,0.11671630149838108
instrument,DT,20,-0.009842957355306183,281,0.11692379730929113
instrument,DT,21,0.009950120642655946,280,0.11713240371477057
instrument,DT,22,-0.014915076487498567,279,0.11734213065749292
instrument,DT,23,0.04851731121468772,278,0.11755298820519718
instrument,DT,24,-0.06677134597309958,277,0.11776498655271748
instrument,EC,1,0.12632161017699547,393,0.09886892137184239
instrument,EC,2,0.16259916857470066,392,0.09899494936611665
instrument,EC,3,0.04901150524188999,391,0.09912146053513803
instrument,EC,4,0.07610267155725302,390,0.09924845797419933
instrument,EC,5,0.03995406076127985,389,0.09937594480642518
instrument,EC,6,0.017574738633298243,388,0.09950392418309467
instrument,EC,7,0.0858998443566705,387,0.09963239928396839
instrument,EC,8,-0.06732988273605388,386,0.09976137331762037
instrument,EC,9,0.13227111776586975,385,0.09989084952177461
instrument,EC,10,-0.00598824207197926,384,0.10002083116364645
instrument,EC,11,0.0600182436835117,383,0.10015132154028883
instrument,EC,12,-0.0023886519113280515,382,0.10028232397894356
instrument,EC,13,-0.041425478096926996,381,0.10041384183739775
instrument,EC,14,0.07358772496454762,380,0.10054587850434511
instrument,EC,15,-0.025189843852814177,379,0.10067843739975277
instrument,EC,16,0.037459685773814255,378,0.10081152197523338
instrument,EC,17,-0.008569604571800568,377,0.10094513571442253
instrument,EC,18,-0.03940776595137828,376,0.10107928213336174
instrument,EC,19,-0.0848122922648793,375,0.10121396478088716
instrument,EC,20,-0.01644044738833157,374,0.10134918723902375
instrument,EC,21,0.05388230370608027,373,0.10148495312338555
instrument,EC,22,-0.08314896456885083,372,0.10162126608358167
instrument,EC,23,0.16466099735804243,371,0.10175812980362833
instrument,EC,24,0.06430825309957837,370,0.10189554800236712
instrument,FB,1,0.14054651758425893,310,0.1113205195124247
instrument,FB,2,-0.08003682483850608,309,0.11150050430176055
instrument,FB,3,0.030986889434574408,308,0.11168136493044518
instrument,FB,4,-0.04994102348977007,307,0.11186310852492852
instrument,FB,5,-0.06764685984804326,306,0.11204574229310578
instrument,FB,6,-0.05641058370677874,305,0.11222927352551818
instrument,FB,7,0.006833795320639657,304,0.11241370959657525
instrument,FB,8,0.019743973993467855,303,0.1125990579657995
instrument,FB,9,0.07336159899707742,302,0.11278532617909345
instrument,FB,10,0.03443138216640567,301,0.11297252187003005
instrument,FB,11,0.05800083795290783,300,0.11316065276116663
instrument,FB,12,0.08625053862223805,299,0.11334972666538308
instrument,FB,13,-0.081834447640414,298,0.11353975148724448
instrument,FB,14,-0.07799835488412353,297,0.11373073522438926
instrument,FB,15,-0.04782974525639351,296,0.1139226859689429
instrument,FB,16,-0.0073572066246341905,295,0.11411561190895808
instrument,FB,17,0.030376314260862763,294,0.11430952132988163
instrument,FB,18,0.0364645138442806,293,0.11450442261604925
instrument,FB,19,-0.015141801485598752,292,0.11470032425220796
instrument,FB,20,-0.023967267894888428,291,0.11489723482506764
instrument,FB,21,-0.11067815303530529,290,0.11509516302488187
instrument,FB,22,-0.06817889848189455,289,0.11529411764705882
instrument,FB,23,0.08084963718986499,288,0.11549410759380277
instrument,FB,24,0.002845574341462669,287,0.11569514187578724
instrument,FN,1,-0.002444893123137838,477,0.0897422351131435
instrument,FN,2,0.07780058805889195,476,0.08983645270876471
instrument,FN,3,0.05483487248614213,475,0.0899309676772602
instrument,FN,4,-0.029898541187101748,474,0.09002578158622657
instrument,FN,5,0.02738952246966374,473,0.09012089601485375
instrument,FN,6,-0.015784023386492343,472,0.09021631255403569
instrument,FN,7,0.03774349011882357,471,0.09031203280648191
instrument,FN,8,0.009094209457828236,470,0.09040805838683073
instrument,FN,9,0.041759260602809586,469,0.09050439092176359
instrument,FN,10,0.04518141117298802,468,0.09060103205012075
instrument,FN,11,0.06545162260575778,467,0.09069798342301852
instrument,FN,12,-0.015352873057841858,466,0.09079524670396757
instrument,FN,13,0.008429402463148465,465,0.09089282356899299
instrument,FN,14,-0.009278187611376932,464,0.09099071570675542
instrument,FN,15,-0.023032341700991846,463,0.09108892481867392
instrument,FN,16,0.05804089146823879,462,0.09118745261905015
instrument,FN,17,-0.04100554166795179,461,0.09128630083519397
instrument,FN,18,0.03598766181708937,460,0.09138547120755075
instrument,FN,19,-0.041894774338514226,459,0.09148496548982997
instrument,FN,20,0.019452199268583957,458,0.09158478544913556
instrument,FN,21,0.029074312804727095,457,0.09168493286609765
instrument,FN,22,0.0127158908598966,456,0.09178540953500601
instrument,FN,23,-0.019420610171458897,455,0.0918862172639451
instrument,FN,24,-0.003421488006988978,454,0.09198735787493069
instrument,GS,1,0.0692899249634648,300,0.11316065276116663
instrument,GS,2,-0.08240645581378314,299,0.11334972666538308
instrument,GS,3,0.05310041784628921,298,0.11353975148724448
instrument,GS,4,0.008723614444192252,297,0.11373073522438926
instrument,GS,5,-0.030763266558935024,296,0.1139226859689429
instrument,GS,6,-0.0548632463635297,295,0.11411561190895808
instrument,GS,7,-0.06074900903867985,294,0.11430952132988163
instrument,GS,8,0.048639112839622696,293,0.11450442261604925
instrument,GS,9,-0.08328024547797805,292,0.11470032425220796
instrument,GS,10,-0.014807253147242131,291,0.11489723482506764
instrument,GS,11,0.03313413922918081,290,0.11509516302488187
instrument,GS,12,-0.07600076100849507,289,0.11529411764705882
instrument,GS,13,0.00932570951017664,288,0.11549410759380277
instrument,GS,14,0.018919823874983848,287,0.11569514187578724
instrument,GS,15,0.05369870205640292,286,0.11589722961386019
instrument,GS,16,-0.05200789361564656,285,0.11610038004078209
instrument,GS,17,-0.11560612592155456,284,0.11630460250299762
instrument,GS,18,-0.011566621936990155,283,0.11650990646244175
instrument,GS,19,-0.049729060223645136,282,0.11671630149838108
instrument,GS,20,0.012311741064079403,281,0.11692379730929113
instrument,GS,21,-0.0167802790071248,280,0.11713240371477057
instrument,GS,22,-0.04572913384588494,279,0.11734213065749292
instrument,GS,23,0.17051448918468465,278,0.11755298820519718
instrument,GS,24,-0.012833909913489495,277,0.11776498655271748
instrument,HS,1,0.09908767115709065,205,0.13689233797083733
instrument,HS,2,-0.05824950417255978,204,0.13722744823474495
instrument,HS,3,-0.0585340915893917,203,0.1375650316433449
instrument,HS,4,0.03525920247352267,202,0.1379051187671372
instrument,HS,5,-0.04675497888545578,201,0.13824774070828524
instrument,HS,6,0.02508303956275127,200,0.1385929291125633
instrument,HS,7,0.006594162356573505,199,0.13894071618163384
instrument,HS,8,0.02709840146693238,198,0.13929113468566548
instrument,HS,9,-0.060441755912426426,197,0.13964421797630291
instrument,HS,10,-0.0234691191475182,196,0.13999999999999999
instrument,HS,11,-0.09246079483384073,195,0.14035851531172885
instrument,HS,12,-0.04937293566282632,194,0.14071979908907667
instrument,HS,13,-0.026938389518012057,193,0.14108388714674414
instrument,HS,14,0.024588291653109422,192,0.1414508159514583
instrument,HS,15,-0.0685551623347134,191,0.14182062263731463
instrument,HS,16,-0.0070199182061132055,190,0.14219334502156228
instrument,HS,17,-0.0628922585995619,189,0.14256902162084836
instrument,HS,18,-0.04780704291075186,188,0.14294769166793667
instrument,HS,19,-0.045487114087691606,187,0.1433293951289176
instrument,HS,20,0.04573354579370152,186,0.14371417272092624
instrument,HS,21,0.10522258976598917,185,0.1441020659303863
instrument,HS,22,0.03534299151027562,184,0.14449311703179918
instrument,HS,23,-0.17520304485481636,183,0.14488736910709626
instrument,HS,24,-0.01256687813513132,182,0.14528486606557584
instrument,JN,1,0.07204275935040044,442,0.09322769285428083
instrument,JN,2,0.07196161606008727,441,0.09333333333333334
instrument,JN,3,0.06267481657477249,440,0.09343933374606804
instrument,JN,4,0.0412766791144833,439,0.09354569614105614
instrument,JN,5,-0.05608321967152915,438,0.09365242258322934
instrument,JN,6,-0.09692358000999048,437,0.0937595151540482
instrument,JN,7,-0.002974233292297926,436,0.09386697595167283
instrument,JN,8,0.04550450297641906,435,0.09397480709113529
instrument,JN,9,0.08162479017575063,434,0.09408301070451458
instrument,JN,10,0.024598710927735343,433,0.0941915889411137
instrument,JN,11,0.14321081965493612,432,0.09430054396763887
instrument,JN,12,0.03926687585714644,431,0.09440987796838125
instrument,JN,13,-0.012037922541019232,430,0.09451959314540077
instrument,JN,14,-0.027139012951280055,429,0.09462969171871244
instrument,JN,15,0.010647792212358436,428,0.09474017592647502
instrument,JN,16,-0.07676451088273294,427,0.09485104802518214
instrument,JN,17,-0.05860175555117955,426,0.0949623102898558
instrument,JN,18,-0.04521229597876925,425,0.09507396501424252
instrument,JN,19,0.0007289885355012223,424,0.09518601451101188
instrument,JN,20,0.01759956799814969,423,0.09529846111195776
instrument,JN,21,-0.07438751223653059,422,0.09541130716820215
instrument,JN,22,0.07826750062055704,421,0.09552455505040154
instrument,JN,23,0.09267364963022755,420,0.09563820714895625
instrument,JN,24,-0.06949442164893976,419,0.09575226587422217
instrument,JO,1,-0.07974166824131208,502,0.08747908116478055
instrument,JO,2,0.09046833949117757,501,0.08756634211531897
instrument,JO,3,-0.029293052550223745,500,0.08765386471799175
instrument,JO,4,0.030651005310089432,499,0.08774165028302566
instrument,JO,5,-0.07949980754542178,498,0.08782970012985128
instrument,JO,6,0.039533894043557394,497,0.08791801558718629
instrument,JO,7,-0.006604370488351567,496,0.0880065979931197
instrument,JO,8,0.00839846948674611,495,0.08809544869519696
instrument,JO,9,0.03911922241422763,494,0.08818456905050612
instrument,JO,10,0.00848719727793035,493,0.08827396042576481
instrument,JO,11,-0.07334800236781626,492,0.08836362419740836
instrument,JO,12,-0.046812744425297155,491,0.08845356175167875
instrument,JO,13,0.009578882920076151,490,0.08854377448471462
instrument,JO,14,-0.1269154399653776,489,0.08863426380264237
instrument,JO,15,-0.04702833534230653,488,0.08872503112166816
instrument,JO,16,0.032017727501378095,487,0.08881607786817097
instrument,JO,17,0.027336879895631713,486,0.08890740547879683
instrument,JO,18,0.08419620995149306,485,0.08899901540055397
instrument,JO,19,0.01929147897001732,484,0.0890909090909091
instrument,JO,20,-0.028164739693422126,483,0.08918308801788485
instrument,JO,21,0.04438244543451978,482,0.08927555366015828
instrument,JO,22,-0.024929054564935528,481,0.08936830750716042
instrument,JO,23,-0.05636133660122947,480,0.08946135105917713
instrument,JO,24,-0.069868006094852,479,0.08955468582745095
instrument,KC,1,-0.01209583442228419,490,0.08854377448471462
instrument,KC,2,0.12907406588492304,489,0.08863426380264237
instrument,KC,3,0.050547079901733016,488,0.08872503112166816
instrument,KC,4,-0.026906690734948665,487,0.08881607786817097
instrument,KC,5,-0.023729642219729345,486,0.08890740547879683
instrument,KC,6,0.029495715111892994,485,0.08899901540055397
instrument,KC,7,-0.022718541117944205,484,0.0890909090909091
instrument,KC,8,0.046018265109668985,483,0.08918308801788485
instrument,KC,9,0.06111913105037672,482,0.08927555366015828
instrument,KC,10,0.03885063790588801,481,0.08936830750716042
instrument,KC,11,0.05583020396311109,480,0.08946135105917713
instrument,KC,12,-0.07690851028598276,479,0.08955468582745095
instrument,KC,13,-0.0010065118170895413,478,0.08964831333428425
instrument,KC,14,-0.018816585385832568,477,0.0897422351131435
instrument,KC,15,-0.09164689198249899,476,0.08983645270876471
instrument,KC,16,-0.018539849741378147,475,0.0899309676772602
instrument,KC,17,-0.05908905174522264,474,0.09002578158622657
instrument,KC,18,-0.03649880466217016,473,0.09012089601485375
instrument,KC,19,0.08370757231316754,472,0.09021631255403569
instrument,KC,20,0.03926170917734261,471,0.09031203280648191
instrument,KC,21,-0.057667246629487814,470,0.09040805838683073
instrument,KC,22,0.0036504041076560363,469,0.09050439092176359
instrument,KC,23,-0.10715572243644732,468,0.09060103205012075
instrument,KC,24,-0.006125072528621711,467,0.09069798342301852
instrument,LB,1,0.028614606398504622,490,0.08854377448471462
instrument,LB,2,0.0528788042488636,489,0.08863426380264237
instrument,LB,3,0.014829435479152445,488,0.08872503112166816
instrument,LB,4,-0.04737520162287569,487,0.08881607786817097
instrument,LB,5,0.04139290766984004,486,0.08890740547879683
instrument,LB,6,0.019274007375306223,485,0.08899901540055397
instrument,LB,7,-0.013153981195188192,484,0.0890909090909091
instrument,LB,8,0.08240797656420855,483,0.08918308801788485
instrument,LB,9,0.043494290860294126,482,0.08927555366015828
instrument,LB,10,0.14709240381868202,481,0.08936830750716042
instrument,LB,11,0.11939883814861,480,0.08946135105917713
instrument,LB,12,0.02420062239708251,479,0.08955468582745095
instrument,LB,13,-0.04585679919107638,478,0.08964831333428425
instrument,LB,14,-0.06708398235857477,477,0.0897422351131435
instrument,LB,15,-0.006825576211962203,476,0.08983645270876471
instrument,LB,16,-0.03184417228853223,475,0.0899309676772602
instrument,LB,17,-0.035763147847669104,474,0.09002578158622657
instrument,LB,18,0.0590238113361458,473,0.09012089601485375
instrument,LB,19,-0.10822941257654746,472,0.09021631255403569
instrument,LB,20,0.00044927321375752983,471,0.09031203280648191
instrument,LB,21,0.032690084877403124,470,0.09040805838683073
instrument,LB,22,-0.0054919486098821526,469,0.09050439092176359
instrument,LB,23,-0.05329376495464262,468,0.09060103205012075
instrument,LB,24,0.045388309153193696,467,0.09069798342301852
instrument,LX,1,0.011303141068328483,298,0.11353975148724448
instrument,LX,2,-0.0634467728127031,297,0.11373073522438926
instrument,LX,3,-0.04741838112464714,296,0.1139226859689429
instrument,LX,4,0.12933667628387263,295,0.11411561190895808
instrument,LX,5,0.015359938572645752,294,0.11430952132988163
instrument,LX,6,-0.041366912838162906,293,0.11450442261604925
instrument,LX,7,-0.02576876296448113,292,0.11470032425220796
instrument,LX,8,0.0785826685019346,291,0.11489723482506764
instrument,LX,9,0.055681702834422496,290,0.11509516302488187
instrument,LX,10,-0.03790194268342505,289,0.11529411764705882
instrument,LX,11,-0.04823322456857122,288,0.11549410759380277
instrument,LX,12,0.020282129587707243,287,0.11569514187578724
instrument,LX,13,0.010598038624704001,286,0.11589722961386019
instrument,LX,14,0.02214201857633584,285,0.11610038004078209
instrument,LX,15,0.01971751172458196,284,0.11630460250299762
instrument,LX,16,0.03585803615461743,283,0.11650990646244175
instrument,LX,17,-0.09270146684646825,282,0.11671630149838108
instrument,LX,18,-0.020823482649518645,281,0.11692379730929113
instrument,LX,19,0.10438712455014221,280,0.11713240371477057
instrument,LX,20,-0.020207993197518405,279,0.11734213065749292
instrument,LX,21,-0.009673496379126373,278,0.11755298820519718
instrument,LX,22,0.0385425087804784,277,0.11776498655271748
instrument,LX,23,0.020445134386774054,276,0.11797813602405381
instrument,LX,24,-0.0392502690921739,275,0.11819244707448333
instrument,MD,1,0.09937547378308695,273,0.11862459640308529
instrument,MD,2,-0.06846695460287713,272,0.11884245626780315
instrument,MD,3,0.024194275561115034,271,0.11906152088923425
instrument,MD,4,0.001440833633621298,270,0.11928180141223618
instrument,MD,5,-0.08186568952164748,269,0.1195033091265397
instrument,MD,6,-0.10201200565748224,268,0.11972605546917911
instrument,MD,7,0.032822255338930725,267,0.1199500520269725
instrument,MD,8,0.03446163634603744,266,0.1201753105390533
instrument,MD,9,-0.053739816785393496,265,0.12040184289945444
instrument,MD,10,-0.026673987659940012,264,0.12062966115974606
instrument,MD,11,0.009608277770422323,263,0.12085877753172865
instrument,MD,12,0.004480575145620302,262,0.12108920439018223
instrument,MD,13,-0.05434906029832027,261,0.1213209542756739
instrument,MD,14,-0.048874608698682695,260,0.12155403989742429
instrument,MD,15,0.08909095282513671,259,0.12178847413623521
instrument,MD,16,0.03887280114601667,258,0.1220242700474793
instrument,MD,17,-0.051279331125047956,257,0.12226144086415383
instrument,MD,18,-0.037483160652103,256,0.1225
instrument,MD,19,0.0253152616000584,255,0.1227399610526893
instrument,MD,20,-0.013416816361462955,254,0.12298133780707907
instrument,MD,21,-0.05865394246885905,253,0.12322414423853857
instrument,MD,22,-0.0013520167332430324,252,0.12346839451634756
instrument,MD,23,0.030690617476937496,251,0.12371410300716942
instrument,MD,24,-0.04644420799239171,250,0.12396128427860047
instrument,MP,1,0.09556723448188564,234,0.12812920829028024
instrument,MP,2,0.010832437398009584,233,0.128403869287762
instrument,MP,3,0.03599737003160967,232,0.1286803042025281
instrument,MP,4,-0.08704444141504775,231,0.12895853221211473
instrument,MP,5,-0.06698938825311346,230,0.12923857278557424
instrument,MP,6,-0.08158147641153358,229,0.1295204456891976
instrument,MP,7,-0.059148756574706564,228,0.1298041709923743
instrument,MP,8,0.11841965178177455,227,0.1300897690735945
instrument,MP,9,-0.016750519237478435,226,0.1303772606265969
instrument,MP,10,0.019895685502361097,225,0.13066666666666665
instrument,MP,11,0.005293381842177073,224,0.13095800853708794
instrument,MP,12,-0.018910165431428247,223,0.13125130791575532
instrument,MP,13,-0.026368043399834614,222,0.13154658682194875
instrument,MP,14,-0.07322245755616574,221,0.13184386762327724
instrument,MP,15,0.08375653669644877,220,0.13214317304279544
instrument,MP,16,0.07724087598985806,219,0.13244452616629923
instrument,MP,17,-0.06332166434934859,218,0.1327479504498049
instrument,MP,18,-0.04015197385405356,217,0.13305346972721763
instrument,MP,19,-0.005263394608089822,216,0.13336110821819525
instrument,MP,20,0.050475300783481336,215,0.1336708905362128
instrument,MP,21,0.008920811561900685,214,0.133982841696834
instrument,MP,22,-0.038405923394057136,213,0.1342969871261962
instrument,MP,23,0.08533472327230748,212,0.13461335266971525
instrument,MP,24,0.09751032482152515,211,0.13493196460101678
instrument,MW,1,0.11130681801378933,406,0.09727316672915115
instrument,MW,2,-0.036710340308818645,405,0.09739318301999084
instrument,MW,3,0.043654465187111066,404,0.09751364464057893
instrument,MW,4,0.010756196242720588,403,0.0976345543517967
instrument,MW,5,0.07819869078576427,402,0.09775591493854802
instrument,MW,6,-0.07814987045720093,401,0.09787772921002877
instrument,MW,7,-0.02406637674538913,400,0.098
instrument,MW,8,-0.018939027408170394,399,0.09812273016706474
instrument,MW,9,-0.010531573040083474,398,0.09824592259494876
instrument,MW,10,0.09251026478593823,397,0.09836958019278513
instrument,MW,11,0.012258519783371415,396,0.09849370589540278
instrument,MW,12,-0.0718468863496149,395,0.09861830266361901
instrument,MW,13,-0.08665003931077564,394,0.09874337348453616
instrument,MW,14,0.00048114238492403833,393,0.09886892137184239
instrument,MW,15,0.04715366020087625,392,0.09899494936611665
instrument,MW,16,-0.0638055595533372,391,0.09912146053513803
instrument,MW,17,-0.03810625354725806,390,0.09924845797419933
instrument,MW,18,0.034669059424510575,389,0.09937594480642518
instrument,MW,19,0.023015014025647533,388,0.09950392418309467
instrument,MW,20,0.0940048465339525,387,0.09963239928396839
instrument,MW,21,0.08954049340709286,386,0.09976137331762037
instrument,MW,22,-0.037284616566706015,385,0.09989084952177461
instrument,MW,23,-0.022095692528761316,384,0.10002083116364645
instrument,MW,24,-0.018842725047040015,383,0.10015132154028883
instrument,ND,1,0.05583208764385799,223,0.13125130791575532
instrument,ND,2,0.011669114330526283,222,0.13154658682194875
instrument,ND,3,0.07395519775415159,221,0.13184386762327724
instrument,ND,4,-0.008354403846839114,220,0.13214317304279544
instrument,ND,5,-0.01640988538103764,219,0.13244452616629923
instrument,ND,6,0.10122197769279577,218,0.1327479504498049
instrument,ND,7,0.05316643523961882,217,0.13305346972721763
instrument,ND,8,0.014007203746499414,216,0.13336110821819525
instrument,ND,9,0.005327919476120901,215,0.1336708905362128
instrument,ND,10,0.09347897092769564,214,0.133982841696834
instrument,ND,11,0.05833977058124424,213,0.1342969871261962
instrument,ND,12,-0.027122799033063832,212,0.13461335266971525
instrument,ND,13,-0.12352191915717912,211,0.13493196460101678
instrument,ND,14,0.02848552760225038,210,0.13525284963110143
instrument,ND,15,-0.04803868018686548,209,0.13557603491775064
instrument,ND,16,0.02848772242327428,208,0.13590154807518115
instrument,ND,17,0.07993631798231873,207,0.1362294171839555
instrument,ND,18,0.0018116815467574636,206,0.13655967080115705
instrument,ND,19,0.04065556370185053,205,0.13689233797083733
instrument,ND,20,-0.06596267729440904,204,0.13722744823474495
instrument,ND,21,0.023590926415336475,203,0.1375650316433449
instrument,ND,22,-0.028122302853904668,202,0.1379051187671372
instrument,ND,23,-0.037183237949121276,201,0.13824774070828524
instrument,ND,24,-0.03707676165446097,200,0.1385929291125633
instrument,NK,1,0.04451438022676437,286,0.11589722961386019
instrument,NK,2,-0.007131027172703798,285,0.11610038004078209
instrument,NK,3,0.11605988509668332,284,0.11630460250299762
instrument,NK,4,-0.0026576324744954963,283,0.11650990646244175
instrument,NK,5,0.018827465954266133,282,0.11671630149838108
instrument,NK,6,-0.11833813969540692,281,0.11692379730929113
instrument,NK,7,-0.01787877768129016,280,0.11713240371477057
instrument,NK,8,0.06620541157503405,279,0.11734213065749292
instrument,NK,9,0.030300158660194264,278,0.11755298820519718
instrument,NK,10,0.024901687958858283,277,0.11776498655271748
instrument,NK,11,-0.0023587714840755387,276,0.11797813602405381
instrument,NK,12,0.007534546231645324,275,0.11819244707448333
instrument,NK,13,-0.05691272727715384,274,0.11840793029271468
instrument,NK,14,-0.005867287179409343,273,0.11862459640308529
instrument,NK,15,0.008127764352776923,272,0.11884245626780315
instrument,NK,16,-0.026129207258127847,271,0.11906152088923425
instrument,NK,17,-0.05146293966850455,270,0.11928180141223618
instrument,NK,18,-0.01269416143030759,269,0.1195033091265397
instrument,NK,19,0.09633578529481725,268,0.11972605546917911
instrument,NK,20,-0.01708121850315235,267,0.1199500520269725
instrument,NK,21,0.03197263077675801,266,0.1201753105390533
instrument,NK,22,-0.059630261535660506,265,0.12040184289945444
instrument,NK,23,-0.04049220252173482,264,0.12062966115974606
instrument,NK,24,-0.008923333049988394,263,0.12085877753172865
instrument,RL,1,0.06447602454602695,261,0.1213209542756739
instrument,RL,2,-0.03435034118251884,260,0.12155403989742429
instrument,RL,3,-0.04020225657471802,259,0.12178847413623521
instrument,RL,4,-0.009710257192463908,258,0.1220242700474793
instrument,RL,5,-0.09410430751472926,257,0.12226144086415383
instrument,RL,6,-0.06641251587148769,256,0.1225
instrument,RL,7,0.05107734051019411,255,0.1227399610526893
instrument,RL,8,0.06399722845106269,254,0.12298133780707907
instrument,RL,9,-0.06341750820596895,253,0.12322414423853857
instrument,RL,10,-0.016416104908958312,252,0.12346839451634756
instrument,RL,11,-0.0050833337939142995,251,0.12371410300716942
instrument,RL,12,0.01684902336329044,250,0.12396128427860047
instrument,RL,13,-0.0673034177337132,249,0.12420995310279767
instrument,RL,14,-0.02942136509405731,248,0.12446012446018669
instrument,RL,15,0.04157136358396173,247,0.12471181354325243
instrument,RL,16,0.06399676437826811,246,0.1249650357604143
instrument,RL,17,-0.05898648881712327,245,0.12521980673998823
instrument,RL,18,-0.05211868601122519,244,0.12547614233423807
instrument,RL,19,0.038502493578424814,243,0.1257340586235185
instrument,RL,20,-0.046085795743553176,242,0.1259935719205121
instrument,RL,21,0.00694379418463886,241,0.12625469877456283
instrument,RL,22,-0.01250538471209982,240,0.12651745597610894
instrument,RL,23,0.04119306124081149,239,0.12678186056121757
instrument,RL,24,-0.030922309840458257,238,0.12704792981622423
instrument,SB,1,0.14797647169970363,478,0.08964831333428425
instrument,SB,2,0.0008913399073212871,477,0.0897422351131435
instrument,SB,3,0.012317701481067206,476,0.08983645270876471
instrument,SB,4,0.03669212212829266,475,0.0899309676772602
instrument,SB,5,-0.035066027697989534,474,0.09002578158622657
instrument,SB,6,0.044519906113728254,473,0.09012089601485375
instrument,SB,7,-0.008198000592831387,472,0.09021631255403569
instrument,SB,8,0.0036159414560979776,471,0.09031203280648191
instrument,SB,9,0.0071112244232957745,470,0.09040805838683073
instrument,SB,10,-0.010843801591532172,469,0.09050439092176359
instrument,SB,11,0.014280747485600945,468,0.09060103205012075
instrument,SB,12,0.013080060935810371,467,0.09069798342301852
instrument,SB,13,-0.05329285366890319,466,0.09079524670396757
instrument,SB,14,-0.05275357806262046,465,0.09089282356899299
instrument,SB,15,-0.07354609769449642,464,0.09099071570675542
instrument,SB,16,-0.02548213396565348,463,0.09108892481867392
instrument,SB,17,0.07006788721421561,462,0.09118745261905015
instrument,SB,18,0.09304749724357891,461,0.09128630083519397
instrument,SB,19,-0.0515915101992781,460,0.09138547120755075
instrument,SB,20,0.06333160703892882,459,0.09148496548982997
instrument,SB,21,-0.015239841327823961,458,0.09158478544913556
instrument,SB,22,-0.0732890979098713,457,0.09168493286609765
instrument,SB,23,-0.10417509096627599,456,0.09178540953500601
instrument,SB,24,0.057888440095974145,455,0.0918862172639451
instrument,SN,1,0.021414827700453373,466,0.09079524670396757
instrument,SN,2,0.07270913005309651,465,0.09089282356899299
instrument,SN,3,0.04136182353943415,464,0.09099071570675542
instrument,SN,4,-0.037064930619587766,463,0.09108892481867392
instrument,SN,5,0.007311400000849211,462,0.09118745261905015
instrument,SN,6,-0.05925444098504368,461,0.09128630083519397
instrument,SN,7,0.061809480287261374,460,0.09138547120755075
instrument,SN,8,0.0004609063128833235,459,0.09148496548982997
instrument,SN,9,0.07582422927712609,458,0.09158478544913556
instrument,SN,10,0.010484490819425846,457,0.09168493286609765
instrument,SN,11,0.06895431966505465,456,0.09178540953500601
instrument,SN,12,-0.0247399256771919,455,0.0918862172639451
instrument,SN,13,-0.033462134735741764,454,0.09198735787493069
instrument,SN,14,0.003542214539754401,453,0.09208883320404815
instrument,SN,15,-0.027974915694144273,452,0.09219064510159253
instrument,SN,16,0.06368584532470253,451,0.09229279543221017
instrument,SN,17,-0.07264735004340764,450,0.0923952860750422
instrument,SN,18,0.04740715273160698,449,0.09249811892386971
instrument,SN,19,-0.05814926914477089,448,0.09260129588726067
instrument,SN,20,0.004610585873353879,447,0.09270481888871882
instrument,SN,21,0.040614700534237436,446,0.09280868986683417
instrument,SN,22,-0.01967627486620424,445,0.09291291077543552
instrument,SN,23,-0.014944459716908796,444,0.09301748358374491
instrument,SN,24,0.0047437952543480585,443,0.09312241027653366
instrument,SP,1,0.042519336110778225,391,0.09912146053513803
instrument,SP,2,-0.004583872973692754,390,0.09924845797419933
instrument,SP,3,0.027577977515596534,389,0.09937594480642518
instrument,SP,4,-0.01407055520621582,388,0.09950392418309467
instrument,SP,5,0.06274340962026201,387,0.09963239928396839
instrument,SP,6,-0.042374768097385294,386,0.09976137331762037
instrument,SP,7,0.021848831661530965,385,0.09989084952177461
instrument,SP,8,0.020101503166362455,384,0.10002083116364645
instrument,SP,9,-0.05653197393364105,383,0.10015132154028883
instrument,SP,10,0.035239565553618075,382,0.10028232397894356
instrument,SP,11,0.01967063476851457,381,0.10041384183739775
instrument,SP,12,0.027457008685392924,380,0.10054587850434511
instrument,SP,13,-0.029409893368201375,379,0.10067843739975277
instrument,SP,14,-0.022248271172873754,378,0.10081152197523338
instrument,SP,15,0.027335230948404992,377,0.10094513571442253
instrument,SP,16,0.01829396273052116,376,0.10107928213336174
instrument,SP,17,-0.008117271085182128,375,0.10121396478088716
instrument,SP,18,-0.0025410153931156652,374,0.10134918723902375
instrument,SP,19,0.05517127805847187,373,0.10148495312338555
instrument,SP,20,-0.02295651838713065,372,0.10162126608358167
instrument,SP,21,-0.0534184535380097,371,0.10175812980362833
instrument,SP,22,-0.026210029817723326,370,0.10189554800236712
instrument,SP,23,-0.03783704816437381,369,0.1020335244338893
instrument,SP,24,0.03552331430364401,368,0.10217206288796664
instrument,SS,1,0.16796586328309024,278,0.11755298820519718
instrument,SS,2,-0.15587170287402796,277,0.11776498655271748
instrument,SS,3,0.010187600366894712,276,0.11797813602405381
instrument,SS,4,0.14455685680668678,275,0.11819244707448333
instrument,SS,5,-0.05090494404554136,274,0.11840793029271468
instrument,SS,6,-0.15101529003601877,273,0.11862459640308529
instrument,SS,7,-0.00027008098136329273,272,0.11884245626780315
instrument,SS,8,0.11892079801150456,271,0.11906152088923425
instrument,SS,9,0.032669009820330136,270,0.11928180141223618
instrument,SS,10,-0.07373609049268082,269,0.1195033091265397
instrument,SS,11,-0.08908572142341638,268,0.11972605546917911
instrument,SS,12,-0.03355904276103912,267,0.1199500520269725
instrument,SS,13,0.002774992797836335,266,0.1201753105390533
instrument,SS,14,-0.14326560122693754,265,0.12040184289945444
instrument,SS,15,-0.01597669017272453,264,0.12062966115974606
instrument,SS,16,-0.02920833715897452,263,0.12085877753172865
instrument,SS,17,-0.00395432017307956,262,0.12108920439018223
instrument,SS,18,-0.06613840861680224,261,0.1213209542756739
instrument,SS,19,-0.015665016044514816,260,0.12155403989742429
instrument,SS,20,0.06400431941538211,259,0.12178847413623521
instrument,SS,21,-0.028918114784520887,258,0.1220242700474793
instrument,SS,22,-0.056874783683367534,257,0.12226144086415383
instrument,SS,23,-0.0486757213269714,256,0.1225
instrument,SS,24,-0.07983098827797369,255,0.1227399610526893
instrument,TU,1,0.2135643994660152,290,0.11509516302488187
instrument,TU,2,0.06178267597918335,289,0.11529411764705882
instrument,TU,3,0.06779197294778741,288,0.11549410759380277
instrument,TU,4,-0.06302803647840602,287,0.11569514187578724
instrument,TU,5,-0.02393792713123984,286,0.11589722961386019
instrument,TU,6,0.015490309437342973,285,0.11610038004078209
instrument,TU,7,0.07744772266845527,284,0.11630460250299762
instrument,TU,8,0.1261773204072268,283,0.11650990646244175
instrument,TU,9,0.1688285365211142,282,0.11671630149838108
instrument,TU,10,0.08139803951240764,281,0.11692379730929113
instrument,TU,11,0.08879348348961656,280,0.11713240371477057
instrument,TU,12,0.07799254756540579,279,0.11734213065749292
instrument,TU,13,-0.0846582529756017,278,0.11755298820519718
instrument,TU,14,-0.05467838252954038,277,0.11776498655271748
instrument,TU,15,-0.0069373865097244,276,0.11797813602405381
instrument,TU,16,0.033492552381237314,275,0.11819244707448333
instrument,TU,17,0.06600363096221327,274,0.11840793029271468
instrument,TU,18,0.03628981763126036,273,0.11862459640308529
instrument,TU,19,-0.03374107171913326,272,0.11884245626780315
instrument,TU,20,0.0035772887241491943,271,0.11906152088923425
instrument,TU,21,-0.13923239438382845,270,0.11928180141223618
instrument,TU,22,-0.09799691339804162,269,0.1195033091265397
instrument,TU,23,0.058426901788429235,268,0.11972605546917911
instrument,TU,24,0.020274856517122446,267,0.1199500520269725
instrument,TY,1,0.06595473712877606,382,0.10028232397894356
instrument,TY,2,-0.0939923154729207,381,0.10041384183739775
instrument,TY,3,0.023121151340377268,380,0.10054587850434511
instrument,TY,4,0.03825452465071607,379,0.10067843739975277
instrument,TY,5,-0.07523727403015154,378,0.10081152197523338
instrument,TY,6,-0.05924657026276084,377,0.10094513571442253
instrument,TY,7,0.03585685048920837,376,0.10107928213336174
instrument,TY,8,0.014017929649314165,375,0.10121396478088716
instrument,TY,9,0.059052011254874734,374,0.10134918723902375
instrument,TY,10,0.07348465066773852,373,0.10148495312338555
instrument,TY,11,0.061789040673053026,372,0.10162126608358167
instrument,TY,12,-0.017522115429906233,371,0.10175812980362833
instrument,TY,13,-0.12450678511912527,370,0.10189554800236712
instrument,TY,14,-0.060288103357190086,369,0.1020335244338893
instrument,TY,15,-0.050609472383995616,368,0.10217206288796664
instrument,TY,16,0.01265262780637351,367,0.10231116719048859
instrument,TY,17,0.0067457897260191505,366,0.10245084120390606
instrument,TY,18,-0.029929360689588385,365,0.10259108882768189
instrument,TY,19,0.01763098398861225,364,0.102731913998748
instrument,TY,20,0.009227790334726295,363,0.10287332069196968
instrument,TY,21,-0.10089144473802654,362,0.1030153129206168
instrument,TY,22,-0.11473408959728962,361,0.1031578947368421
instrument,TY,23,0.04788317033162406,360,0.10330107023216706
instrument,TY,24,-0.03804285971809218,359,0.10344484353797487
instrument,UB,1,0.10635931918504382,190,0.14219334502156228
instrument,UB,2,0.012502093691317806,189,0.14256902162084836
instrument,UB,3,0.1394716887183501,188,0.14294769166793667
instrument,UB,4,-0.03969280233379721,187,0.1433293951289176
instrument,UB,5,-0.09266624871710946,186,0.14371417272092624
instrument,UB,6,-0.12457461319812942,185,0.1441020659303863
instrument,UB,7,-0.013420082260557839,184,0.14449311703179918
instrument,UB,8,-0.04931267966457372,183,0.14488736910709626
instrument,UB,9,-0.01814169582322624,182,0.14528486606557584
instrument,UB,10,0.007703312066484285,181,0.1456856526644446
instrument,UB,11,0.10013134147033549,180,0.14608977452998625
instrument,UB,12,-0.020724799467770966,179,0.14649727817937944
instrument,UB,13,-0.05814221819378857,178,0.14690821104318882
instrument,UB,14,0.022785257875145157,177,0.14732262148855446
instrument,UB,15,0.03219028164171383,176,0.14774055884310416
instrument,UB,16,-0.008027446381026678,175,0.14816207341961707
instrument,UB,17,-0.0027742499197390257,174,0.14858721654146506
instrument,UB,18,0.10970613819785541,173,0.14901604056886228
instrument,UB,19,0.0628155125252861,172,0.14944859892595258
instrument,UB,20,0.04746416292546331,171,0.14988494612876702
instrument,UB,21,-0.0572144948880214,170,0.1503251378140846
instrument,UB,22,-0.08989431803346817,169,0.15076923076923077
instrument,UB,23,0.04233478392347126,168,0.15121728296285006
instrument,UB,24,-0.0664954363354846,167,0.1516693535766908
instrument,US,1,0.07216293852905188,442,0.09322769285428083
instrument,US,2,-0.09611825071107846,441,0.09333333333333334
instrument,US,3,-0.035496494933674246,440,0.09343933374606804
instrument,US,4,0.03631369327244121,439,0.09354569614105614
instrument,US,5,-0.0007352550596728498,438,0.09365242258322934
instrument,US,6,0.017957201000435727,437,0.0937595151540482
instrument,US,7,-0.017539645698630913,436,0.09386697595167283
instrument,US,8,-0.013707432042929065,435,0.09397480709113529
instrument,US,9,0.03196308365834043,434,0.09408301070451458
instrument,US,10,0.04204518331297833,433,0.0941915889411137
instrument,US,11,0.1254199029434641,432,0.09430054396763887
instrument,US,12,-0.02080849450415363,431,0.09440987796838125
instrument,US,13,-0.05909497715883769,430,0.09451959314540077
instrument,US,14,-0.0831496558598632,429,0.09462969171871244
instrument,US,15,-0.07263403793596852,428,0.09474017592647502
instrument,US,16,-0.007662243680605735,427,0.09485104802518214
instrument,US,17,0.04558506213519771,426,0.0949623102898558
instrument,US,18,-0.027803542629487935,425,0.09507396501424252
instrument,US,19,0.03236465691617677,424,0.09518601451101188
instrument,US,20,-0.04003903426792001,423,0.09529846111195776
instrument,US,21,-0.0649329841591659,422,0.09541130716820215
instrument,US,22,-0.032140846663939474,421,0.09552455505040154
instrument,US,23,0.09954416170293369,420,0.09563820714895625
instrument,US,24,-0.015657940926051012,419,0.09575226587422217
instrument,UZ,1,0.18319301823731376,190,0.14219334502156228
instrument,UZ,2,0.09715905503382338,189,0.14256902162084836
instrument,UZ,3,0.1542391630352101,188,0.14294769166793667
instrument,UZ,4,-0.11835826456662484,187,0.1433293951289176
instrument,UZ,5,-0.09439416928731731,186,0.14371417272092624
instrument,UZ,6,-0.07249993000949863,185,0.1441020659303863
instrument,UZ,7,-0.10152031623775389,184,0.14449311703179918
instrument,UZ,8,-0.0004434044183927039,183,0.14488736910709626
instrument,UZ,9,0.04927389315123519,182,0.14528486606557584
instrument,UZ,10,-0.015810318403343206,181,0.1456856526644446
instrument,UZ,11,0.10451222490650704,180,0.14608977452998625
instrument,UZ,12,0.017054280911020243,179,0.14649727817937944
instrument,UZ,13,-0.02621982076796572,178,0.14690821104318882
instrument,UZ,14,-0.0009584860097135646,177,0.14732262148855446
instrument,UZ,15,0.08325922238729833,176,0.14774055884310416
instrument,UZ,16,0.013340297650841059,175,0.14816207341961707
instrument,UZ,17,-0.003515056603023637,174,0.14858721654146506
instrument,UZ,18,0.10716764590141194,173,0.14901604056886228
instrument,UZ,19,0.0928281605193184,172,0.14944859892595258
instrument,UZ,20,0.014748903932875838,171,0.14988494612876702
instrument,UZ,21,-0.07023349407460958,170,0.1503251378140846
instrument,UZ,22,-0.10086075376749425,169,0.15076923076923077
instrument,UZ,23,-0.042571946759722916,168,0.15121728296285006
instrument,UZ,24,-0.04381876545940156,167,0.1516693535766908
instrument,XU,1,0.12486544200080832,164,0.15305028665083395
instrument,XU,2,-0.02721502311796706,163,0.15351904819763965
instrument,XU,3,0.04555083670646527,162,0.15399214345840367
instrument,XU,4,0.07735250395432196,161,0.15446963962286372
instrument,XU,5,-0.006868819964829608,160,0.1549516053482506
instrument,XU,6,-0.035266007786283735,159,0.15543811080075626
instrument,XU,7,0.0018443737654476491,158,0.15592922769844308
instrument,XU,8,0.12153872971270924,157,0.15642502935565394
instrument,XU,9,-0.05400150265483367,156,0.15692559072898538
instrument,XU,10,-0.07409662606245332,155,0.15743098846488976
instrument,XU,11,-0.011252690140757055,154,0.15794130094897454
instrument,XU,12,0.11798798257665855,153,0.15845660835707087
instrument,XU,13,-0.030410245600413693,152,0.1589769927081473
instrument,XU,14,-0.07770785136356745,151,0.15950253791914726
instrument,XU,15,-0.02615203947142094,150,0.1600333298618343
instrument,XU,16,0.027566161485312712,149,0.16056945642173193
instrument,XU,17,-0.11825696700828217,148,0.16111100755925015
instrument,XU,18,0.05034308705050799,147,0.1616580753730952
instrument,XU,19,0.10445864090460201,146,0.16221075416606412
instrument,XU,20,-0.038838255390931324,145,0.16276914051333033
instrument,XU,21,-0.11121049308546846,144,0.16333333333333333
instrument,XU,22,-0.060070317575142425,143,0.1639034339613898
instrument,XU,23,0.005499529333793251,142,0.16447954622615107
instrument,XU,24,-0.039016093067960014,141,0.16506177652903772
instrument,XX,1,0.106165771105669,149,0.16056945642173193
instrument,XX,2,0.019397312041011947,148,0.16111100755925015
instrument,XX,3,0.03364793704074848,147,0.1616580753730952
instrument,XX,4,0.1453045774819796,146,0.16221075416606412
instrument,XX,5,0.048124744168229955,145,0.16276914051333033
instrument,XX,6,-0.009115674620065949,144,0.16333333333333333
instrument,XX,7,-0.011098013387353504,143,0.1639034339613898
instrument,XX,8,0.0906317691942862,142,0.16447954622615107
instrument,XX,9,-0.039276222069383006,141,0.16506177652903772
instrument,XX,10,-0.13471537271299994,140,0.16565023392678924
instrument,XX,11,-0.03596118217174748,139,0.1662450302172743
instrument,XX,12,0.09301293204496967,138,0.16684628002871474
instrument,XX,13,-0.07102102670138452,137,0.16745410091248514
instrument,XX,14,-0.002110359441599338,136,0.16806861343965865
instrument,XX,15,0.034277441042896886,135,0.1686899413014786
instrument,XX,16,-0.007761225762709132,134,0.16931821141394657
instrument,XX,17,-0.13119096957569443,133,0.16995355402672752
instrument,XX,18,-0.11409860740152551,132,0.17059610283658388
instrument,XX,19,0.13619469073897872,131,0.17124599510556343
instrument,XX,20,-0.022492482491992254,130,0.17190337178417772
instrument,XX,21,-0.09890571117626819,129,0.17256837763982227
instrument,XX,22,-0.012902650650169727,128,0.17324116139070414
instrument,XX,23,0.016339442909225486,127,0.17392187584555832
instrument,XX,24,-0.059366070392788496,126,0.1746106780494506
instrument,ZA,1,0.01655082190799978,382,0.10028232397894356
instrument,ZA,2,0.0608761136666176,381,0.10041384183739775
instrument,ZA,3,0.048444568546664526,380,0.10054587850434511
instrument,ZA,4,0.0664400105810645,379,0.10067843739975277
instrument,ZA,5,0.05707356929238532,378,0.10081152197523338
instrument,ZA,6,-0.005865542127451124,377,0.10094513571442253
instrument,ZA,7,-0.013074912893483906,376,0.10107928213336174
instrument,ZA,8,0.023286031944796576,375,0.10121396478088716
instrument,ZA,9,-0.03141477367737127,374,0.10134918723902375
instrument,ZA,10,-0.0035045143768901213,373,0.10148495312338555
instrument,ZA,11,0.05432150012583468,372,0.10162126608358167
instrument,ZA,12,-0.03793958767596529,371,0.10175812980362833
instrument,ZA,13,0.005336883788705976,370,0.10189554800236712
instrument,ZA,14,0.03213812209595017,369,0.1020335244338893
instrument,ZA,15,-0.09312679737747066,368,0.10217206288796664
instrument,ZA,16,-0.0498511987674468,367,0.10231116719048859
instrument,ZA,17,0.008281319978246526,366,0.10245084120390606
instrument,ZA,18,-0.014768447484612585,365,0.10259108882768189
instrument,ZA,19,-0.04231219416039006,364,0.102731913998748
instrument,ZA,20,-0.02955333766524507,363,0.10287332069196968
instrument,ZA,21,0.013422602120775663,362,0.1030153129206168
instrument,ZA,22,0.12378520714470646,361,0.1031578947368421
instrument,ZA,23,-0.07340596411048085,360,0.10330107023216706
instrument,ZA,24,0.009375848218755528,359,0.10344484353797487
instrument,ZB,1,0.11832612276859646,358,0.10358921882601123
instrument,ZB,2,-0.10029865174769141,357,0.10373420030889277
instrument,ZB,3,-0.04696431349561507,356,0.10387979224062328
instrument,ZB,4,0.043225829118648036,355,0.10402599891711795
instrument,ZB,5,-0.03750165627088159,354,0.10417282467673585
instrument,ZB,6,-0.02570246909725754,353,0.10432027390082049
instrument,ZB,7,-0.06230420305227468,352,0.1044683510142491
instrument,ZB,8,-0.015748769448197437,351,0.10461706048599027
instrument,ZB,9,-0.015408711022732306,350,0.10476640682967035
instrument,ZB,10,0.007230314309003036,349,0.10491639460414909
instrument,ZB,11,0.1841360023538067,348,0.10506702841410388
instrument,ZB,12,-0.09069911289958749,347,0.10521831291062372
instrument,ZB,13,-0.0790305724859346,346,0.10537025279181218
instrument,ZB,14,0.03543290617534142,345,0.10552285280340044
instrument,ZB,15,-0.06651716374016017,344,0.10567611773936965
instrument,ZB,16,-0.09763873713190836,343,0.10583005244258362
instrument,ZB,17,0.0893969604540078,342,0.10598466180543152
instrument,ZB,18,-0.022433167574766804,341,0.10613995077048094
instrument,ZB,19,-0.0027340227740618806,340,0.10629592433114153
instrument,ZB,20,0.026537047420850224,339,0.10645258753233941
instrument,ZB,21,0.03246930549147807,338,0.10660994547120255
instrument,ZB,22,0.04599385016218694,337,0.10676800329775729
instrument,ZB,23,-0.035449037339831235,336,0.10692676621563627
instrument,ZB,24,-0.06303912033426029,335,0.107086239482798
instrument,ZC,1,0.011664119086854323,538,0.08450160025760846
instrument,ZC,2,0.1334425231585559,537,0.08458024299241221
instrument,ZC,3,-0.03907365238447337,536,0.08465910570697328
instrument,ZC,4,-0.013792788574842545,535,0.08473818942875491
instrument,ZC,5,-0.05928896009396844,534,0.08481749519195142
instrument,ZC,6,0.012658073779451395,533,0.08489702403754515
instrument,ZC,7,-0.006059153610774173,532,0.08497677701336376
instrument,ZC,8,-0.026026517450475076,531,0.08505675517413826
instrument,ZC,9,-0.014835095824438147,530,0.0851369595815616
instrument,ZC,10,-0.004401201366871192,529,0.08521739130434783
instrument,ZC,11,0.025538591770100514,528,0.08529805141829194
instrument,ZC,12,0.017972311402417035,527,0.08537894100633028
instrument,ZC,13,-0.08707562011091748,526,0.08546006115860168
instrument,ZC,14,0.07824213990562673,525,0.08554141297250901
instrument,ZC,15,-0.013142522542209123,524,0.08562299755278172
instrument,ZC,16,2.4315193258530144e-05,523,0.0857048160115387
instrument,ZC,17,0.0050878363955702026,522,0.08578686946835207
instrument,ZC,18,-0.007021980173576288,521,0.08586915905031141
instrument,ZC,19,0.0019312794019711232,520,0.08595168589208886
instrument,ZC,20,0.02925151700523487,519,0.08603445113600483
instrument,ZC,21,0.0074778159262910435,518,0.08611745593209437
instrument,ZC,22,-0.027960557905335495,517,0.08620070143817432
instrument,ZC,23,-0.09207008898100595,516,0.08628418881991114
instrument,ZC,24,-0.08167761682549474,515,0.08636791925088942
instrument,ZD,1,0.058729352902545155,199,0.13894071618163384
instrument,ZD,2,-0.08909128441715235,198,0.13929113468566548
instrument,ZD,3,0.050412985576958766,197,0.13964421797630291
instrument,ZD,4,0.11158985473455224,196,0.13999999999999999
instrument,ZD,5,7.767100880973264e-05,195,0.14035851531172885
instrument,ZD,6,-0.033272129203884275,194,0.14071979908907667
instrument,ZD,7,0.010593040500977048,193,0.14108388714674414
instrument,ZD,8,0.025296795888543066,192,0.1414508159514583
instrument,ZD,9,-0.056218614733229796,191,0.14182062263731463
instrument,ZD,10,-0.1337100751522445,190,0.14219334502156228
instrument,ZD,11,0.05721856923681368,189,0.14256902162084836
instrument,ZD,12,0.10317771512945809,188,0.14294769166793667
instrument,ZD,13,-0.05329528031790795,187,0.1433293951289176
instrument,ZD,14,-0.09759335059757765,186,0.14371417272092624
instrument,ZD,15,0.04635417085690512,185,0.1441020659303863
instrument,ZD,16,0.05203676913974416,184,0.14449311703179918
instrument,ZD,17,-0.09468508847912215,183,0.14488736910709626
instrument,ZD,18,0.03920618344866784,182,0.14528486606557584
instrument,ZD,19,0.06812353595050878,181,0.1456856526644446
instrument,ZD,20,-0.050953138643859454,180,0.14608977452998625
instrument,ZD,21,-0.09484160885691804,179,0.14649727817937944
instrument,ZD,22,-0.0831065857469964,178,0.14690821104318882
instrument,ZD,23,0.019211812880195037,177,0.14732262148855446
instrument,ZD,24,0.02463521830028657,176,0.14774055884310416
instrument,ZF,1,0.03364816463410337,442,0.09322769285428083
instrument,ZF,2,0.029533214118771568,441,0.09333333333333334
instrument,ZF,3,-0.013569491898523911,440,0.09343933374606804
instrument,ZF,4,-0.07156266147598052,439,0.09354569614105614
instrument,ZF,5,-0.04562358060719064,438,0.09365242258322934
instrument,ZF,6,0.006693039184734748,437,0.0937595151540482
instrument,ZF,7,0.022086447397861753,436,0.09386697595167283
instrument,ZF,8,0.012015287723476771,435,0.09397480709113529
instrument,ZF,9,0.10897570895390739,434,0.09408301070451458
instrument,ZF,10,0.17731855762875814,433,0.0941915889411137
instrument,ZF,11,0.11218456437544688,432,0.09430054396763887
instrument,ZF,12,0.03296290030536324,431,0.09440987796838125
instrument,ZF,13,-0.03572347194378249,430,0.09451959314540077
instrument,ZF,14,-0.07640346416456929,429,0.09462969171871244
instrument,ZF,15,-0.06520003712204822,428,0.09474017592647502
instrument,ZF,16,-0.10330119543518644,427,0.09485104802518214
instrument,ZF,17,-0.08783389285011403,426,0.0949623102898558
instrument,ZF,18,0.009410230748219332,425,0.09507396501424252
instrument,ZF,19,-0.021608930303726185,424,0.09518601451101188
instrument,ZF,20,0.0627277263250499,423,0.09529846111195776
instrument,ZF,21,0.03959559376569644,422,0.09541130716820215
instrument,ZF,22,-0.0024542804418414468,421,0.09552455505040154
instrument,ZF,23,0.021021303449369713,420,0.09563820714895625
instrument,ZF,24,-0.036529094078019894,419,0.09575226587422217
instrument,ZG,1,0.003382082141752211,478,0.08964831333428425
instrument,ZG,2,-0.04518126073763865,477,0.0897422351131435
instrument,ZG,3,0.034494564825520505,476,0.08983645270876471
instrument,ZG,4,0.07551021399940361,475,0.0899309676772602
instrument,ZG,5,0.13986681025789283,474,0.09002578158622657
instrument,ZG,6,-0.02932938468937954,473,0.09012089601485375
instrument,ZG,7,0.05900338302477128,472,0.09021631255403569
instrument,ZG,8,0.05023800609646637,471,0.09031203280648191
instrument,ZG,9,0.0333326247034479,470,0.09040805838683073
instrument,ZG,10,0.04078596870779184,469,0.09050439092176359
instrument,ZG,11,0.1366681069318114,468,0.09060103205012075
instrument,ZG,12,0.03210076443140194,467,0.09069798342301852
instrument,ZG,13,-0.07579548508901275,466,0.09079524670396757
instrument,ZG,14,-0.033436046657992796,465,0.09089282356899299
instrument,ZG,15,0.06887220832846931,464,0.09099071570675542
instrument,ZG,16,0.07321716288639218,463,0.09108892481867392
instrument,ZG,17,-0.03420523661381829,462,0.09118745261905015
instrument,ZG,18,-0.07686261700213007,461,0.09128630083519397
instrument,ZG,19,-0.049966846831811254,460,0.09138547120755075
instrument,ZG,20,0.029654788804614574,459,0.09148496548982997
instrument,ZG,21,-0.020964485483045667,458,0.09158478544913556
instrument,ZG,22,-0.0058051823569269315,457,0.09168493286609765
instrument,ZG,23,0.03872506319103637,456,0.09178540953500601
instrument,ZG,24,-0.012328792580689018,455,0.0918862172639451
instrument,ZI,1,0.06337717240432328,502,0.08747908116478055
instrument,ZI,2,-0.04612764087291995,501,0.08756634211531897
instrument,ZI,3,0.06724123884431507,500,0.08765386471799175
instrument,ZI,4,0.03496499460059356,499,0.08774165028302566
instrument,ZI,5,-0.02496454878547214,498,0.08782970012985128
instrument,ZI,6,-0.0480756410610999,497,0.08791801558718629
instrument,ZI,7,0.033758685294831746,496,0.0880065979931197
instrument,ZI,8,0.004505557990600896,495,0.08809544869519696
instrument,ZI,9,0.04357200107239965,494,0.08818456905050612
instrument,ZI,10,0.06742302711446191,493,0.08827396042576481
instrument,ZI,11,0.013587824144769884,492,0.08836362419740836
instrument,ZI,12,0.03919676892096081,491,0.08845356175167875
instrument,ZI,13,-0.04811323000388645,490,0.08854377448471462
instrument,ZI,14,-0.006018027858115403,489,0.08863426380264237
instrument,ZI,15,-0.030957652729931194,488,0.08872503112166816
instrument,ZI,16,0.03145987430871711,487,0.08881607786817097
instrument,ZI,17,0.0072318870844663005,486,0.08890740547879683
instrument,ZI,18,-0.08127324115634102,485,0.08899901540055397
instrument,ZI,19,0.004527086359883542,484,0.0890909090909091
instrument,ZI,20,-0.03194169948050577,483,0.08918308801788485
instrument,ZI,21,-0.028462111424573396,482,0.08927555366015828
instrument,ZI,22,0.0062456200105798065,481,0.08936830750716042
instrument,ZI,23,0.014709191803259898,480,0.08946135105917713
instrument,ZI,24,-0.03089153938103726,479,0.08955468582745095
instrument,ZK,1,0.09586760152556484,310,0.1113205195124247
instrument,ZK,2,0.09109757952830136,309,0.11150050430176055
instrument,ZK,3,0.04437562335286706,308,0.11168136493044518
instrument,ZK,4,0.030637683845831272,307,0.11186310852492852
instrument,ZK,5,0.010793319081153229,306,0.11204574229310578
instrument,ZK,6,-0.026394525285989238,305,0.11222927352551818
instrument,ZK,7,-0.018968482884065063,304,0.11241370959657525
instrument,ZK,8,-0.14793802828331185,303,0.1125990579657995
instrument,ZK,9,-0.08113065466506976,302,0.11278532617909345
instrument,ZK,10,-0.02898526546410021,301,0.11297252187003005
instrument,ZK,11,0.11627843583926978,300,0.11316065276116663
instrument,ZK,12,0.05008093608851094,299,0.11334972666538308
instrument,ZK,13,-0.05061389048334956,298,0.11353975148724448
instrument,ZK,14,0.009238210613545867,297,0.11373073522438926
instrument,ZK,15,-0.07001024261307057,296,0.1139226859689429
instrument,ZK,16,0.055922819901038354,295,0.11411561190895808
instrument,ZK,17,0.0355308377243721,294,0.11430952132988163
instrument,ZK,18,0.008906796674740057,293,0.11450442261604925
instrument,ZK,19,-0.11767034950444111,292,0.11470032425220796
instrument,ZK,20,0.03591529110434617,291,0.11489723482506764
instrument,ZK,21,0.019658149120911163,290,0.11509516302488187
instrument,ZK,22,0.02849399821946438,289,0.11529411764705882
instrument,ZK,23,0.1145931165588222,288,0.11549410759380277
instrument,ZK,24,-0.02772618276545339,287,0.11569514187578724
instrument,ZL,1,0.00945470588157304,550,0.08357468081139928
instrument,ZL,2,0.16538562239660146,549,0.0836507615561587
instrument,ZL,3,-0.050449877827779856,548,0.08372705045624257
instrument,ZL,4,0.12719499602271955,547,0.0838035484625665
instrument,ZL,5,0.034623421672960425,546,0.08388025653213893
instrument,ZL,6,0.14522006690552866,545,0.08395717562811139
instrument,ZL,7,-0.010343607202515774,544,0.08403430671982932
instrument,ZL,8,0.08637982691507354,543,0.08411165078288341
instrument,ZL,9,-0.04026117802887477,542,0.08418920879916132
instrument,ZL,10,0.0943703581901603,541,0.08426698175690016
instrument,ZL,11,0.03525771891542949,540,0.0843449706507393
instrument,ZL,12,0.1288590731618348,539,0.0844231764817738
instrument,ZL,13,-0.08939419342409263,538,0.08450160025760846
instrument,ZL,14,0.024346956671627982,537,0.08458024299241221
instrument,ZL,15,-0.03815381788133955,536,0.08465910570697328
instrument,ZL,16,-0.022573075240057743,535,0.08473818942875491
instrument,ZL,17,-0.009902268848425027,534,0.08481749519195142
instrument,ZL,18,0.005707487620658518,533,0.08489702403754515
instrument,ZL,19,-0.016216508124293663,532,0.08497677701336376
instrument,ZL,20,0.04215147444151268,531,0.08505675517413826
instrument,ZL,21,-0.033650227688114494,530,0.0851369595815616
instrument,ZL,22,-0.006288580009333371,529,0.08521739130434783
instrument,ZL,23,-0.052807295456756886,528,0.08529805141829194
instrument,ZL,24,-0.07645021969358035,527,0.08537894100633028
instrument,ZM,1,0.04089104366621769,550,0.08357468081139928
instrument,ZM,2,0.04122592536455539,549,0.0836507615561587
instrument,ZM,3,-0.08143840725233006,548,0.08372705045624257
instrument,ZM,4,-0.005727299927162092,547,0.0838035484625665
instrument,ZM,5,-0.026852632652928487,546,0.08388025653213893
instrument,ZM,6,0.09502801578059966,545,0.08395717562811139
instrument,ZM,7,-0.04542597606073431,544,0.08403430671982932
instrument,ZM,8,0.05977200513901547,543,0.08411165078288341
instrument,ZM,9,-0.09100455311502793,542,0.08418920879916132
instrument,ZM,10,-0.0066848029478391085,541,0.08426698175690016
instrument,ZM,11,-0.017297845619237702,540,0.0843449706507393
instrument,ZM,12,-0.027240190587507457,539,0.0844231764817738
instrument,ZM,13,-0.07497941845545722,538,0.08450160025760846
instrument,ZM,14,0.10751188463357166,537,0.08458024299241221
instrument,ZM,15,-0.023976007790849886,536,0.08465910570697328
instrument,ZM,16,-0.0038576684514793702,535,0.08473818942875491
instrument,ZM,17,0.01002304848309138,534,0.08481749519195142
instrument,ZM,18,0.007602865931197877,533,0.08489702403754515
instrument,ZM,19,0.04773346111086399,532,0.08497677701336376
instrument,ZM,20,0.015448673898933344,531,0.08505675517413826
instrument,ZM,21,-0.020147238002376,530,0.0851369595815616
instrument,ZM,22,0.0761063707882082,529,0.08521739130434783
instrument,ZM,23,-0.048336100600302696,528,0.08529805141829194
instrument,ZM,24,-0.08793515640533724,527,0.08537894100633028
instrument,ZN,1,0.021149523982937922,286,0.11589722961386019
instrument,ZN,2,-0.10647854450010884,285,0.11610038004078209
instrument,ZN,3,0.0706106959411479,284,0.11630460250299762
instrument,ZN,4,0.020677693023808195,283,0.11650990646244175
instrument,ZN,5,0.014316748526859307,282,0.11671630149838108
instrument,ZN,6,-0.0016576603451493642,281,0.11692379730929113
instrument,ZN,7,-0.024494210109079845,280,0.11713240371477057
instrument,ZN,8,-0.08631290758780803,279,0.11734213065749292
instrument,ZN,9,-0.1065990569028694,278,0.11755298820519718
instrument,ZN,10,0.1603626222013157,277,0.11776498655271748
instrument,ZN,11,0.11364319853011634,276,0.11797813602405381
instrument,ZN,12,-0.1871186869483849,275,0.11819244707448333
instrument,ZN,13,-0.09945370657675702,274,0.11840793029271468
instrument,ZN,14,0.002891623355317915,273,0.11862459640308529
instrument,ZN,15,-0.03267757650187688,272,0.11884245626780315
instrument,ZN,16,0.055630090739004275,271,0.11906152088923425
instrument,ZN,17,-0.04921859915049757,270,0.11928180141223618
instrument,ZN,18,-0.03865868033999018,269,0.1195033091265397
instrument,ZN,19,0.04453497748934324,268,0.11972605546917911
instrument,ZN,20,0.03287605715195754,267,0.1199500520269725
instrument,ZN,21,0.016696443395310998,266,0.1201753105390533
instrument,ZN,22,-0.0674018452374503,265,0.12040184289945444
instrument,ZN,23,-0.06130213389567979,264,0.12062966115974606
instrument,ZN,24,-0.01583156796286481,263,0.12085877753172865
instrument,ZO,1,-0.02878335772258303,478,0.08964831333428425
instrument,ZO,2,0.026246581511996814,477,0.0897422351131435
instrument,ZO,3,-0.024993737178104925,476,0.08983645270876471
instrument,ZO,4,0.08654054489064991,475,0.0899309676772602
instrument,ZO,5,-0.04461822782745786,474,0.09002578158622657
instrument,ZO,6,0.02753922650057615,473,0.09012089601485375
instrument,ZO,7,0.05994802223435916,472,0.09021631255403569
instrument,ZO,8,-0.04276645668911731,471,0.09031203280648191
instrument,ZO,9,-0.08475731117592289,470,0.09040805838683073
instrument,ZO,10,0.02911359866566171,469,0.09050439092176359
instrument,ZO,11,0.0877461228565573,468,0.09060103205012075
instrument,ZO,12,-0.08583978591955621,467,0.09069798342301852
instrument,ZO,13,-0.048834705658168026,466,0.09079524670396757
instrument,ZO,14,0.03559100453656352,465,0.09089282356899299
instrument,ZO,15,0.042977411993971454,464,0.09099071570675542
instrument,ZO,16,-0.013773690234724273,463,0.09108892481867392
instrument,ZO,17,-0.0006255534198712874,462,0.09118745261905015
instrument,ZO,18,0.03684437649319026,461,0.09128630083519397
instrument,ZO,19,0.013372771797004619,460,0.09138547120755075
instrument,ZO,20,0.00905443080760657,459,0.09148496548982997
instrument,ZO,21,0.001709793710549115,458,0.09158478544913556
instrument,ZO,22,0.08013632587131624,457,0.09168493286609765
instrument,ZO,23,-0.14394031516210248,456,0.09178540953500601
instrument,ZO,24,-0.06273663799196103,455,0.0918862172639451
instrument,ZP,1,0.005600292881290921,502,0.08747908116478055
instrument,ZP,2,-0.01960763573610156,501,0.08756634211531897
instrument,ZP,3,0.039012365476447285,500,0.08765386471799175
instrument,ZP,4,-0.0016989842095736568,499,0.08774165028302566
instrument,ZP,5,0.08010328375156726,498,0.08782970012985128
instrument,ZP,6,-0.0735059616614974,497,0.08791801558718629
instrument,ZP,7,0.030290550123484947,496,0.0880065979931197
instrument,ZP,8,-0.01147455763957965,495,0.08809544869519696
instrument,ZP,9,0.0621674988370825,494,0.08818456905050612
instrument,ZP,10,-0.010482418211577778,493,0.08827396042576481
instrument,ZP,11,0.020131229140289374,492,0.08836362419740836
instrument,ZP,12,0.020664317622577127,491,0.08845356175167875
instrument,ZP,13,-0.010181047817164975,490,0.08854377448471462
instrument,ZP,14,-0.02100802463136333,489,0.08863426380264237
instrument,ZP,15,-0.004404077657276478,488,0.08872503112166816
instrument,ZP,16,0.014128214704932597,487,0.08881607786817097
instrument,ZP,17,-0.07415599866662122,486,0.08890740547879683
instrument,ZP,18,-0.07122169783243888,485,0.08899901540055397
instrument,ZP,19,0.018275587406413055,484,0.0890909090909091
instrument,ZP,20,0.013975964961693794,483,0.08918308801788485
instrument,ZP,21,0.024232113037966022,482,0.08927555366015828
instrument,ZP,22,-0.05504059548802733,481,0.08936830750716042
instrument,ZP,23,-0.01528503243399118,480,0.08946135105917713
instrument,ZP,24,-0.00025063902173018204,479,0.08955468582745095
instrument,ZR,1,0.09576219992012779,334,0.10724642841225822
instrument,ZR,2,0.08666957686139658,333,0.10740733837283342
instrument,ZR,3,0.0020919815792391897,332,0.10756897478989653
instrument,ZR,4,0.08744262487967884,331,0.10773134314614528
instrument,ZR,5,-0.040268740357299916,330,0.10789444898238335
instrument,ZR,6,-0.09231729017050255,329,0.10805829789831436
instrument,ZR,7,-0.16509727741575103,328,0.1082228955533496
instrument,ZR,8,-0.07923347302117578,327,0.10838824766742888
instrument,ZR,9,0.01803228920891153,326,0.10855436002185541
instrument,ZR,10,-0.05255566282826594,325,0.1087212384601449
instrument,ZR,11,-0.07537938923616477,324,0.10888888888888888
instrument,ZR,12,-0.009659708448978382,323,0.10905731727863281
instrument,ZR,13,-0.024065681650436443,322,0.10922652966476915
instrument,ZR,14,-0.02324738058004881,321,0.10939653214844572
instrument,ZR,15,-0.0235025517007765,320,0.10956733089748968
instrument,ZR,16,0.039425079633011326,319,0.10973893214734745
instrument,ZR,17,0.012557966908022754,318,0.10991134220204068
instrument,ZR,18,0.03289199958924417,317,0.11008456743513916
instrument,ZR,19,0.0898029645341489,316,0.11025861429075035
instrument,ZR,20,0.019225404247621005,315,0.11043348928452616
instrument,ZR,21,0.07443984370619416,314,0.11060919900468767
instrument,ZR,22,0.00493774369806074,313,0.11078575011306742
instrument,ZR,23,-0.012957792645751942,312,0.11096314934617037
instrument,ZR,24,-0.03421133081288892,311,0.11114140351625357
instrument,ZS,1,0.01277543956418437,550,0.08357468081139928
instrument,ZS,2,0.08134935967068832,549,0.0836507615561587
instrument,ZS,3,-0.0761864664090838,548,0.08372705045624257
instrument,ZS,4,0.022587544875467623,547,0.0838035484625665
instrument,ZS,5,-0.05993795285651019,546,0.08388025653213893
instrument,ZS,6,0.05966947471475282,545,0.08395717562811139
instrument,ZS,7,-0.11136136244245637,544,0.08403430671982932
instrument,ZS,8,0.03668306722166923,543,0.08411165078288341
instrument,ZS,9,-0.09531732356992738,542,0.08418920879916132
instrument,ZS,10,0.0032088350241162096,541,0.08426698175690016
instrument,ZS,11,-0.003453204219458467,540,0.0843449706507393
instrument,ZS,12,0.011126817510092675,539,0.0844231764817738
instrument,ZS,13,-0.08959283999803276,538,0.08450160025760846
instrument,ZS,14,0.10145872392118645,537,0.08458024299241221
instrument,ZS,15,-0.006174257006522275,536,0.08465910570697328
instrument,ZS,16,0.021394409582021705,535,0.08473818942875491
instrument,ZS,17,0.04520587273708455,534,0.08481749519195142
instrument,ZS,18,0.012981302127782262,533,0.08489702403754515
instrument,ZS,19,0.029219945790914394,532,0.08497677701336376
instrument,ZS,20,0.03276767304278777,531,0.08505675517413826
instrument,ZS,21,-0.021082955757185506,530,0.0851369595815616
instrument,ZS,22,0.06334579313410488,529,0.08521739130434783
instrument,ZS,23,-0.03900146444869064,528,0.08529805141829194
instrument,ZS,24,-0.126355888748372,527,0.08537894100633028
instrument,ZT,1,0.03244576242774093,526,0.08546006115860168
instrument,ZT,2,-0.015900419465091593,525,0.08554141297250901
instrument,ZT,3,0.023043267098346414,524,0.08562299755278172
instrument,ZT,4,-0.06982116141543361,523,0.0857048160115387
instrument,ZT,5,0.0027072453445000084,522,0.08578686946835207
instrument,ZT,6,0.12433101895632274,521,0.08586915905031141
instrument,ZT,7,-0.06525110560915617,520,0.08595168589208886
instrument,ZT,8,0.0627826820125727,519,0.08603445113600483
instrument,ZT,9,0.03433714089452871,518,0.08611745593209437
instrument,ZT,10,0.0005278645275040586,517,0.08620070143817432
instrument,ZT,11,0.13676431133766587,516,0.08628418881991114
instrument,ZT,12,0.005493501241309434,515,0.08636791925088942
instrument,ZT,13,-0.0332989263734066,514,0.08645189391268125
instrument,ZT,14,-0.03360645791339835,513,0.08653611399491619
instrument,ZT,15,-0.16950398943270797,512,0.08662058069535207
instrument,ZT,16,-0.04563678979167087,511,0.08670529521994653
instrument,ZT,17,0.028899683566919254,510,0.08679025878292934
instrument,ZT,18,-0.07809309493527708,509,0.0868754726068755
instrument,ZT,19,-0.02991788280794489,508,0.08696093792277916
instrument,ZT,20,0.0004849426238339322,507,0.0870466559701282
instrument,ZT,21,-0.03909251900807887,506,0.08713262799697986
instrument,ZT,22,0.0026858350373716944,505,0.08721885526003702
instrument,ZT,23,-0.03361280886817786,504,0.0873053390247253
instrument,ZT,24,-0.0958021075249652,503,0.08739208056527112
instrument,ZU,1,0.1909208297169898,370,0.10189554800236712
instrument,ZU,2,0.0022001786027793686,369,0.1020335244338893
instrument,ZU,3,0.0452605822299192,368,0.10217206288796664
instrument,ZU,4,-0.016259339144519006,367,0.10231116719048859
instrument,ZU,5,-0.08367459913961582,366,0.10245084120390606
instrument,ZU,6,-0.030689178804879445,365,0.10259108882768189
instrument,ZU,7,-0.05032826160458849,364,0.102731913998748
instrument,ZU,8,-0.011843730409600583,363,0.10287332069196968
instrument,ZU,9,0.01683284417249939,362,0.1030153129206168
instrument,ZU,10,-0.0218134437850553,361,0.1031578947368421
instrument,ZU,11,0.08740438478489368,360,0.10330107023216706
instrument,ZU,12,-0.0672553013828508,359,0.10344484353797487
instrument,ZU,13,-0.07058946158727843,358,0.10358921882601123
instrument,ZU,14,-0.02577983126423104,357,0.10373420030889277
instrument,ZU,15,-0.11829162561507824,356,0.10387979224062328
instrument,ZU,16,-0.10157165868551885,355,0.10402599891711795
instrument,ZU,17,0.031724904980029354,354,0.10417282467673585
instrument,ZU,18,-0.035460077411005334,353,0.10432027390082049
instrument,ZU,19,0.03371224781675987,352,0.1044683510142491
instrument,ZU,20,0.07394491325469922,351,0.10461706048599027
instrument,ZU,21,0.03089654689375992,350,0.10476640682967035
instrument,ZU,22,0.019307094158124507,349,0.10491639460414909
instrument,ZU,23,-0.033603564718934345,348,0.10506702841410388
instrument,ZU,24,-0.07170433119892128,347,0.10521831291062372
instrument,ZW,1,0.07537751773647029,550,0.08357468081139928
instrument,ZW,2,-0.0637932081961189,549,0.0836507615561587
instrument,ZW,3,0.04560252903076723,548,0.08372705045624257
instrument,ZW,4,0.006959396612445172,547,0.0838035484625665
instrument,ZW,5,0.07669592815023911,546,0.08388025653213893
instrument,ZW,6,-0.012167054193511637,545,0.08395717562811139
instrument,ZW,7,-0.023479409997308232,544,0.08403430671982932
instrument,ZW,8,-0.029892687876630138,543,0.08411165078288341
instrument,ZW,9,0.05522491612409808,542,0.08418920879916132
instrument,ZW,10,0.10166751082063116,541,0.08426698175690016
instrument,ZW,11,0.11483912249543894,540,0.0843449706507393
instrument,ZW,12,-0.0054816014789306365,539,0.0844231764817738
instrument,ZW,13,-0.049290199894324045,538,0.08450160025760846
instrument,ZW,14,0.026918049486868743,537,0.08458024299241221
instrument,ZW,15,0.05459914526134281,536,0.08465910570697328
instrument,ZW,16,-0.04440673922443045,535,0.08473818942875491
instrument,ZW,17,-0.06885603494216208,534,0.08481749519195142
instrument,ZW,18,-0.02876139504376721,533,0.08489702403754515
instrument,ZW,19,0.06216650582073967,532,0.08497677701336376
instrument,ZW,20,0.08048173667040195,531,0.08505675517413826
instrument,ZW,21,0.03492268370277847,530,0.0851369595815616
instrument,ZW,22,-0.043756217593404846,529,0.08521739130434783
instrument,ZW,23,-0.014779547934044237,528,0.08529805141829194
instrument,ZW,24,-0.03750840679701751,527,0.08537894100633028
instrument,ZZ,1,-0.06265935327463823,538,0.08450160025760846
instrument,ZZ,2,0.01378382631218552,537,0.08458024299241221
instrument,ZZ,3,-0.02376470504347314,536,0.08465910570697328
instrument,ZZ,4,-0.009523190736059728,535,0.08473818942875491
instrument,ZZ,5,-0.06300349995820548,534,0.08481749519195142
instrument,ZZ,6,0.005232431115355423,533,0.08489702403754515
instrument,ZZ,7,-0.014509597393374962,532,0.08497677701336376
instrument,ZZ,8,0.01214343797147932,531,0.08505675517413826
instrument,ZZ,9,0.019917330425069706,530,0.0851369595815616
instrument,ZZ,10,0.07722287817837327,529,0.08521739130434783
instrument,ZZ,11,0.10220754787550938,528,0.08529805141829194
instrument,ZZ,12,0.026399923059983087,527,0.08537894100633028
instrument,ZZ,13,-0.14148330051151417,526,0.08546006115860168
instrument,ZZ,14,0.005861039546394789,525,0.08554141297250901
instrument,ZZ,15,-0.08202857959915995,524,0.08562299755278172
instrument,ZZ,16,-0.03761048600121839,523,0.0857048160115387
instrument,ZZ,17,-0.012660098451062606,522,0.08578686946835207
instrument,ZZ,18,-0.029013949052854135,521,0.08586915905031141
instrument,ZZ,19,0.061764884259155606,520,0.08595168589208886
instrument,ZZ,20,0.025919506251590757,519,0.08603445113600483
instrument,ZZ,21,0.09669899265871948,518,0.08611745593209437
instrument,ZZ,22,0.042456207193081984,517,0.08620070143817432
instrument,ZZ,23,-0.05332598721814664,516,0.08628418881991114
instrument,ZZ,24,-0.09181349895600839,515,0.08636791925088942
asset_class,COMM,1,0.05938198221947272,550,0.08357468081139928
asset_class,COMM,2,0.11566120421939777,549,0.0836507615561587
asset_class,COMM,3,0.024590921278417062,548,0.08372705045624257
asset_class,COMM,4,0.04148776226402882,547,0.0838035484625665
asset_class,COMM,5,0.07747274850685788,546,0.08388025653213893
asset_class,COMM,6,0.06288953085738196,545,0.08395717562811139
asset_class,COMM,7,0.004773813082773563,544,0.08403430671982932
asset_class,COMM,8,0.02101624653000929,543,0.08411165078288341
asset_class,COMM,9,0.011151416835916313,542,0.08418920879916132
asset_class,COMM,10,0.015424120865066589,541,0.08426698175690016
asset_class,COMM,11,0.06576256481962842,540,0.0843449706507393
asset_class,COMM,12,-0.0060702648298074134,539,0.0844231764817738
asset_class,COMM,13,-0.024338762889004464,538,0.08450160025760846
asset_class,COMM,14,0.036777494202310655,537,0.08458024299241221
asset_class,COMM,15,-0.025164421088617155,536,0.08465910570697328
asset_class,COMM,16,-0.04854677183415656,535,0.08473818942875491
asset_class,COMM,17,0.018881882413418816,534,0.08481749519195142
asset_class,COMM,18,-0.012396082946338736,533,0.08489702403754515
asset_class,COMM,19,0.056764880961397694,532,0.08497677701336376
asset_class,COMM,20,0.02963101359999878,531,0.08505675517413826
asset_class,COMM,21,-0.02156388540521406,530,0.0851369595815616
asset_class,COMM,22,0.0023261702656696055,529,0.08521739130434783
asset_class,COMM,23,-0.1057362330123738,528,0.08529805141829194
asset_class,COMM,24,-0.10491419414138765,527,0.08537894100633028
asset_class,EQ,1,0.07137320621630129,391,0.09912146053513803
asset_class,EQ,2,-0.023425767708597847,390,0.09924845797419933
asset_class,EQ,3,-0.002397868659726224,389,0.09937594480642518
asset_class,EQ,4,-0.00048233819811545814,388,0.09950392418309467
asset_class,EQ,5,0.030871770643785205,387,0.09963239928396839
asset_class,EQ,6,-0.029434555631056316,386,0.09976137331762037
asset_class,EQ,7,0.01180158460583734,385,0.09989084952177461
asset_class,EQ,8,0.0269156994508384,384,0.10002083116364645
asset_class,EQ,9,-0.04740867872530625,383,0.10015132154028883
asset_class,EQ,10,0.027823976405865765,382,0.10028232397894356
asset_class,EQ,11,-0.019180042516564518,381,0.10041384183739775
asset_class,EQ,12,-0.00016762415823112217,380,0.10054587850434511
asset_class,EQ,13,-0.06593557580992129,379,0.10067843739975277
asset_class,EQ,14,-0.0033959538591907972,378,0.10081152197523338
asset_class,EQ,15,-0.009940144498023367,377,0.10094513571442253
asset_class,EQ,16,0.026491117154448705,376,0.10107928213336174
asset_class,EQ,17,-0.03543703681942519,375,0.10121396478088716
asset_class,EQ,18,-0.04424233699430245,374,0.10134918723902375
asset_class,EQ,19,0.04065132020914308,373,0.10148495312338555
asset_class,EQ,20,-0.037914327518355544,372,0.10162126608358167
asset_class,EQ,21,-0.042625161609638404,371,0.10175812980362833
asset_class,EQ,22,0.016808319543909808,370,0.10189554800236712
asset_class,EQ,23,-0.042458247052237275,369,0.1020335244338893
asset_class,EQ,24,0.029916186139357093,368,0.10217206288796664
asset_class,FI,1,0.10792263071402183,442,0.09322769285428083
asset_class,FI,2,-0.03728116206960693,441,0.09333333333333334
asset_class,FI,3,-0.11214022788877655,440,0.09343933374606804
asset_class,FI,4,0.028615047825104947,439,0.09354569614105614
asset_class,FI,5,0.05864485873115433,438,0.09365242258322934
asset_class,FI,6,0.06906745795916865,437,0.0937595151540482
asset_class,FI,7,-0.007625352224912155,436,0.09386697595167283
asset_class,FI,8,-0.000823517553621836,435,0.09397480709113529
asset_class,FI,9,0.014484874310854216,434,0.09408301070451458
asset_class,FI,10,0.06303257885074631,433,0.0941915889411137
asset_class,FI,11,0.1934558258365392,432,0.09430054396763887
asset_class,FI,12,-0.018391411513878256,431,0.09440987796838125
asset_class,FI,13,-0.03672922071718094,430,0.09451959314540077
asset_class,FI,14,-0.11386033489214833,429,0.09462969171871244
asset_class,FI,15,-0.0442740794708095,428,0.09474017592647502
asset_class,FI,16,-0.016970452154787725,427,0.09485104802518214
asset_class,FI,17,0.0576181211120936,426,0.0949623102898558
asset_class,FI,18,-0.009457718562249279,425,0.09507396501424252
asset_class,FI,19,0.050942767740831396,424,0.09518601451101188
asset_class,FI,20,-0.09668635591962495,423,0.09529846111195776
asset_class,FI,21,-0.05790987107577217,422,0.09541130716820215
asset_class,FI,22,-0.013115319578560642,421,0.09552455505040154
asset_class,FI,23,0.1468880002590863,420,0.09563820714895625
asset_class,FI,24,-0.030628560405310652,419,0.09575226587422217
asset_class,FX,1,0.033473084538930206,477,0.0897422351131435
asset_class,FX,2,0.07655591872466881,476,0.08983645270876471
asset_class,FX,3,0.061782479649263096,475,0.0899309676772602
asset_class,FX,4,0.013694832711091898,474,0.09002578158622657
asset_class,FX,5,0.02776223579206267,473,0.09012089601485375
asset_class,FX,6,-0.021801760017653802,472,0.09021631255403569
asset_class,FX,7,-0.03436096665346044,471,0.09031203280648191
asset_class,FX,8,0.035201318687717885,470,0.09040805838683073
asset_class,FX,9,0.04658506238126006,469,0.09050439092176359
asset_class,FX,10,0.02341121558138628,468,0.09060103205012075
asset_class,FX,11,0.09026894157380637,467,0.09069798342301852
asset_class,FX,12,-0.012696416278176217,466,0.09079524670396757
asset_class,FX,13,-0.005834326442289598,465,0.09089282356899299
asset_class,FX,14,0.011649294888020271,464,0.09099071570675542
asset_class,FX,15,-0.001830311040384417,463,0.09108892481867392
asset_class,FX,16,0.043326982482774876,462,0.09118745261905015
asset_class,FX,17,-0.07096300428124792,461,0.09128630083519397
asset_class,FX,18,0.06888089034864914,460,0.09138547120755075
asset_class,FX,19,0.00041564541606816616,459,0.09148496548982997
asset_class,FX,20,0.04604618589515828,458,0.09158478544913556
asset_class,FX,21,0.009168700747134004,457,0.09168493286609765
asset_class,FX,22,-0.016372563050175214,456,0.09178540953500601
asset_class,FX,23,0.02384501322686974,455,0.0918862172639451
asset_class,FX,24,-0.035235329563579325,454,0.09198735787493069
