ID,n_months,start,end,internal_missing_months,monthly_mean,monthly_std,annualized_arithmetic_mean,annualized_volatility,min_monthly_return,max_monthly_return,AssetClass
AN,323,1988-02,2014-12,0,0.003119309961483969,0.03346779475820124,0.03743171953780763,0.11593584187698379,-0.15605686032138444,0.09693454846727434,FX
AP,75,2008-10,2014-12,0,0.0032747332866969537,0.04299318003679287,0.03929679944036345,0.14893274440536244,-0.1444402289038541,0.07844062676986963,EQ
AX,205,1997-12,2014-12,0,0.004627721923185947,0.06405564430517245,0.05553266307823137,0.2218952608962374,-0.2477822854591688,0.2020403838585656,EQ
BN,467,1976-02,2014-12,0,0.001321211385250641,0.03031549329655814,0.01585453662300769,0.10501594929230483,-0.11788699431628236,0.15861233146492948,FX
CA,191,1999-02,2014-12,0,0.0021887734494908623,0.05328200742988127,0.026265281393890345,0.18457428799563352,-0.18234371477947253,0.1347267847923157,EQ
CB,246,1994-07,2014-12,0,0.0038908809763439005,0.015740791216875993,0.046690571716126804,0.054527700277926305,-0.030605082128316807,0.0521024754080639,FI
CC,407,1981-02,2014-12,0,-0.002196306783302398,0.08411447467696354,-0.026355681399628777,0.29138108758493314,-0.25,0.345605700712589,COMM
CN,443,1978-02,2014-12,0,0.0006278264107616184,0.01977035909091376,0.00753391692913942,0.06848653285868775,-0.11689943408961123,0.09053981827899515,FX
CT,503,1973-02,2014-12,0,0.0027990570648451026,0.0772343309712928,0.03358868477814123,0.2675475706617393,-0.22643152623557583,0.40018555744549245,COMM
DA,207,1997-10,2014-12,0,0.008045392460109383,0.0836445160072269,0.0965447095213126,0.28975310299805046,-0.2780630961115188,0.36192468619246854,COMM
DT,301,1989-12,2014-12,0,0.0033134816614394168,0.015848343587549486,0.039761779937273,0.054900272618888246,-0.06491656491656483,0.04855185674798701,FI
EC,394,1982-03,2014-12,0,0.000906079323174489,0.004212921478543859,0.010872951878093867,0.014593988098272318,-0.018757519734718286,0.0230825255497511,FX
FB,311,1989-02,2014-12,0,0.0026013452296122876,0.012020958864548095,0.031216142755347454,0.04164182301818556,-0.03298045665585092,0.05234057406755266,FI
FN,478,1975-03,2014-12,0,0.0001435373609959121,0.032234565817334845,0.0017224483319509452,0.11166381151109389,-0.10470737162459087,0.1042164929988516,FX
GS,301,1989-12,2014-12,0,0.002894770879481614,0.01996504570910681,0.03473725055377937,0.06916094708721598,-0.054153042059408074,0.06718817882233252,FI
HS,206,1997-11,2014-12,0,0.00712344077284986,0.07340571428642056,0.08548128927419832,0.25428485341993,-0.2276729887453105,0.34828344515568777,EQ
JN,443,1978-02,2014-12,0,-0.0003525644578797522,0.03431652152706968,-0.004230773494557027,0.1188759176478316,-0.10284453623732626,0.17337219220926925,FX
JO,503,1973-02,2014-12,0,0.00440099501827902,0.09172446667427464,0.05281194021934824,0.3177428731540039,-0.21178482795626807,0.7065363235576001,COMM
KC,491,1974-02,2014-12,0,0.004725446398664361,0.10935807036394915,0.05670535678397234,0.37882746817610446,-0.3090564676754318,0.5316516410693135,COMM
LB,491,1974-02,2014-12,0,-0.005532260686051223,0.08687403026651684,-0.06638712823261468,0.30094046855976714,-0.26212747443985207,0.45236884242252984,COMM
LX,299,1990-02,2014-12,0,0.0030847852758928746,0.04207066475271538,0.037017423310714496,0.14573705771980033,-0.13008392511297606,0.11743465594353952,EQ
MD,274,1992-03,2014-12,0,0.007810669824458061,0.04834842603921923,0.09372803789349674,0.1674838607318276,-0.22169305869746392,0.14778276622558284,EQ
MP,235,1995-06,2014-12,0,0.0045654657026177915,0.030816498750756795,0.0547855884314135,0.1067514830953872,-0.14900146677197335,0.08644387987753221,FX
MW,407,1981-02,2014-12,0,0.0038488622930132436,0.07227360032555676,0.046186347516158924,0.2503630956195817,-0.26284895346142956,0.41195216227023224,COMM
ND,224,1996-05,2014-12,0,0.009422361433290696,0.07825700243647345,0.11306833719948835,0.27109020853602683,-0.2673314644582293,0.2454661777774303,EQ
NK,287,1991-02,2014-12,0,0.0003098335190553266,0.061833593994257,0.003718002228663919,0.21419785282527784,-0.23333030935317067,0.18183389010482665,EQ
RL,262,1993-03,2014-12,0,0.006696788132087221,0.05561386909668744,0.08036145758504665,0.1926520937618946,-0.20916863207547165,0.1694459294004036,EQ
SB,479,1975-02,2014-12,0,-0.0024570576439956957,0.11188399054575612,-0.029484691727948348,0.387577512357611,-0.29700996677740865,0.6741467975689575,COMM
SN,467,1976-02,2014-12,0,0.00038097240543831924,0.03551911544164548,0.004571668865259831,0.12304182516966847,-0.14966841489315585,0.13100630606625807,FX
SP,392,1982-05,2014-12,0,0.006542278588896863,0.0438201439959052,0.07850734306676235,0.15179743159178416,-0.20407875947788656,0.13214854111405838,EQ
SS,279,1991-10,2014-12,0,0.0003593585340809047,0.0031386981813569547,0.004312302408970857,0.01087276943946856,-0.007391971923667584,0.030533561635964546,FI
TU,291,1990-10,2014-12,0,0.0013074043580087894,0.004820462054563276,0.015688852296105473,0.016698570388922904,-0.01219954999079309,0.01477510741770982,FI
TY,383,1983-02,2014-12,0,0.0038258125633553073,0.019681104231760716,0.045909750760263685,0.0681773449569368,-0.0580095856931474,0.08716374242722957,FI
UB,191,1999-02,2014-12,0,0.0020896897663670276,0.009513657775271198,0.02507627719640433,0.03295627726518481,-0.019776753215238974,0.02562126757850125,FI
US,443,1978-02,2014-12,0,0.003693167564984794,0.03248765018500268,0.04431801077981753,0.11254052147789814,-0.09986690801621323,0.13588206447484708,FI
UZ,191,1999-02,2014-12,0,0.0007531441328686392,0.00392491132220254,0.009037729594423671,0.01359629165051428,-0.009614421632448633,0.015301530153015275,FI
XU,165,2001-04,2014-12,0,0.0011897237139471776,0.05542053183403647,0.014276684567366131,0.19198235383807905,-0.18553409490973993,0.1566294279634497,EQ
XX,150,2002-07,2014-12,0,0.0022306551883089134,0.04469737532415536,0.02676786225970696,0.154836250052825,-0.16010156263711828,0.11456227782811745,EQ
ZA,383,1983-02,2014-12,0,0.008375118615498047,0.09088909807520756,0.10050142338597656,0.31484907144074026,-0.3393158546191065,0.47747773302320295,COMM
ZB,359,1985-02,2014-12,0,0.010855768062415064,0.09910496875889674,0.1302692167489808,0.3433096823458709,-0.3970335934473407,0.4515190691661277,COMM
ZC,539,1970-02,2014-12,0,-0.0010965269231769143,0.07623922289880301,-0.013158323078122971,0.2641004151805908,-0.22801422789157377,0.47095127911251433,COMM
ZD,200,1998-05,2014-12,0,0.00403673106096979,0.04376965970697541,0.04844077273163748,0.1516225488849634,-0.1589888556790452,0.10303852016252657,EQ
ZF,443,1978-02,2014-12,0,0.0036598396777251588,0.04242441872318727,0.043918076132701905,0.14696249742027342,-0.2057841584240746,0.14638844445238974,COMM
ZG,479,1975-02,2014-12,0,0.0011208903057373279,0.056098887036460876,0.013450683668847933,0.19433224519043454,-0.2127472621675489,0.26048624754420424,COMM
ZI,503,1973-02,2014-12,0,0.0034071163381833424,0.09634527899309867,0.04088539605820011,0.33374983657089063,-0.4757840291690484,0.5469581500675,COMM
ZK,311,1989-02,2014-12,0,0.0065481015464064814,0.07490777855377924,0.07857721855687777,0.2594881566745279,-0.364706189333055,0.3197186991370575,COMM
ZL,551,1969-02,2014-12,0,0.00636367103953241,0.09078443127620296,0.07636405247438892,0.31448649501325715,-0.24456928838951297,0.5455346650998825,COMM
ZM,551,1969-02,2014-12,0,0.008712116107469534,0.09194166981193765,0.10454539328963441,0.3184952868939953,-0.2899016261794821,0.7520225114315864,COMM
ZN,287,1991-02,2014-12,0,-0.00757657478082433,0.14795419846834187,-0.09091889736989195,0.5125283778805949,-0.3860914718998728,0.49930898680747626,COMM
ZO,479,1975-02,2014-12,0,-0.0003447423850220919,0.09342887577046231,-0.004136908620265103,0.3236471194569631,-0.2674222752473858,0.9391076195098276,COMM
ZP,503,1973-02,2014-12,0,0.005087143958081424,0.07880596394264662,0.061045727496977086,0.2729918669762098,-0.3931384887894467,0.41342486651411137,COMM
ZR,335,1987-02,2014-12,0,-0.003484022011317728,0.08249495069290852,-0.041808264135812734,0.2857708919360138,-0.2565142632939439,0.46931111465475994,COMM
ZS,551,1969-02,2014-12,0,0.004331757890673451,0.08141508377934797,0.05198109468808142,0.2820301232166149,-0.25651844394421,0.5687923950305123,COMM
ZT,527,1971-02,2014-12,0,0.003722045686006426,0.05064325979095924,0.04466454823207711,0.1754333980377028,-0.2108971918265543,0.1688060624806682,COMM
ZU,371,1984-02,2014-12,0,0.0070246062817868465,0.0993599083373133,0.08429527538144216,0.3441928189512262,-0.3287205813059544,0.4846558258955862,COMM
ZW,551,1969-02,2014-12,0,-0.00046715403339859553,0.07836031297980088,-0.005605848400783146,0.27144808675602816,-0.24954550371448214,0.4461095561508064,COMM
ZZ,539,1970-02,2014-12,0,0.005413400092712557,0.07794633024388223,0.06496080111255068,0.2700140084918932,-0.25959458759704124,0.32094189293149933,COMM
