ID,Date,daily_return,robust_z,Close
AN,1998-10-07,0.05299482376139997,9.237939981199633,42.72
AN,2008-10-06,-0.09496766051427674,-16.749026388099367,57.37
AN,2008-10-08,-0.055536626916524834,-9.823669943675805,55.44
AN,2008-10-10,-0.06699232379623177,-11.835658394715658,53.48
AN,2008-10-24,-0.04898111796597504,-8.672311939209122,50.87
AN,2008-10-28,0.05219669488109635,9.097762905420256,52.21
AN,2008-11-20,-0.050170390003786425,-8.881186321129949,50.17
AN,2008-11-24,0.04839984195969982,8.430913537078538,53.07
AN,2008-12-26,0.06203074722917412,10.824938472216504,59.41
AN,2008-12-29,-0.04780340010099304,-8.465466841280193,56.57
AP,2008-10-08,-0.07526337435540498,-8.469907824877554,584.6
AP,2008-10-16,-0.08216735719622359,-9.243027783208657,540.53
AX,2008-10-13,0.1374183374633926,12.108516446599118,6058.8
AX,2008-10-15,-0.09773919455663738,-8.74118277726532,5383.7
AX,2008-10-28,0.1705365933705285,15.044870083887421,5706.6
AX,2011-08-08,-0.0981664910432033,-8.779068032939609,6418.8
BN,1985-03-27,0.04653724356326605,9.461624998472898,76.01
BN,1985-09-23,0.045822726220782206,9.316354358618673,90.38
BN,1992-09-16,-0.04380499710964092,-8.906123869308166,148.87
BN,2009-01-20,-0.05037143229506069,-10.241165280103305,145.73
CA,2008-10-13,0.10432434869287754,9.306684723913436,2204.64
CA,2008-11-24,0.09910162984505733,8.838445173561912,1995.43
CA,2010-05-10,0.0973524618631616,8.681624626027752,2464.5
CC,1990-08-24,0.1292786837079476,8.374462127274192,7687.0
CN,2007-11-13,-0.025923364227417367,-8.841792163100859,105.624
CN,2008-10-10,-0.03706474049099606,-12.641828781391359,86.253
CN,2008-10-13,0.02522810800783737,8.604658165379684,88.429
CN,2008-10-22,-0.03114580985038151,-10.623033917691792,81.656
CN,2008-10-29,0.052525175947335745,17.91498529984257,83.3
CN,2008-11-04,0.028095298882454545,9.582583159331369,88.592
CN,2008-11-12,-0.025224374114312775,-8.603384630424344,82.544
CN,2008-11-20,-0.03281141647505381,-11.191129457747536,79.5
CN,2008-11-24,0.04029382488943756,13.743186339679836,82.565
CN,2008-12-05,-0.02394147913954492,-8.16582218156645,78.724
CN,2009-02-10,-0.023907037611477278,-8.154075063010302,80.555
CN,2009-06-03,-0.023882813845359174,-8.145812960007586,90.693
CN,2010-05-06,-0.029709891646277575,-10.133279184759704,94.384
CN,2011-09-22,-0.026437829481945285,-9.017263016951752,98.248
DA,2014-12-01,-0.09946396664681356,-9.920567179381637,30.24
EC,1982-02-08,-0.003219528711334574,-10.853357253949195,66.534
EC,1982-02-18,0.007311645330996486,24.6482966938908,66.9002
EC,1982-02-22,0.009852202015005584,33.21277049975704,67.5271
EC,1982-02-26,-0.0045844245103034975,-15.454559184055142,67.2017
EC,1982-03-01,0.0056680113747122896,19.10744021403676,67.5826
EC,1982-03-09,-0.0032659660468876694,-11.009902213745606,67.8128
EC,1982-03-11,-0.003400210039038898,-11.462452303106256,67.4715
EC,1982-03-12,-0.0027048457496869904,-9.118308880062726,67.289
EC,1982-03-19,-0.0029537039656154507,-9.957235122137579,66.9715
EC,1982-03-22,0.004858783213754991,16.379450151421302,67.2969
EC,1982-03-24,-0.0027058001977829926,-9.121526421229479,67.2652
EC,1982-03-29,-0.0031964607736242323,-10.775592900365158,66.8286
EC,1982-03-31,0.0035645366776002607,12.016414039297063,67.035
EC,1982-04-12,0.005925702529434362,19.97614318709458,67.3763
EC,1982-04-16,0.003425105937247208,11.546378896604699,67.4398
EC,1982-05-03,-0.003979532987496315,-13.41540861714179,67.5271
EC,1982-05-06,0.005157318903080466,17.385844186019074,68.0588
EC,1982-05-20,0.006772743056577379,22.831602564515627,68.4239
EC,1982-06-01,-0.007456642310062489,-25.13709619085021,67.6458
EC,1982-06-04,-0.0035202789041782756,-11.867216604119035,67.4552
EC,1982-06-07,0.0024727522859615547,8.335898315047306,67.622
EC,1982-06-08,-0.0025834787495193634,-8.709168434437272,67.4473
EC,1982-06-14,-0.00657857753608837,-22.177050936245582,67.1535
EC,1982-06-17,-0.004378154528886458,-14.759202192454781,66.8121
EC,1982-06-24,-0.0030966255183547675,-10.439038146818774,66.4468
EC,1982-06-29,0.004900160730088032,16.518937948334738,66.7724
EC,1982-07-08,0.006161711729189223,20.771754094722223,67.4235
EC,1982-07-13,-0.003285462824611063,-11.075627825443945,67.4394
EC,1982-07-16,0.006466305469632783,21.798570432999345,67.9714
EC,1982-07-20,0.0035060553786010473,11.819267659307062,68.1778
EC,1982-07-21,-0.002445077429896636,-8.242603573252728,68.0111
EC,1982-07-22,0.004553668445298031,15.350877374958419,68.3208
EC,1982-07-26,-0.0032488600491056285,-10.952236163289175,68.2017
EC,1982-07-29,0.0024536881079977313,8.271631040937962,68.1461
EC,1982-07-30,0.0033795037426940233,11.392649281674617,68.3764
EC,1982-08-02,0.00836107194880098,28.186020073942416,68.9481
EC,1982-08-03,-0.003915988983017593,-13.201195344395968,68.6781
EC,1982-08-06,-0.0030015094800582842,-10.118392351495482,68.559
EC,1982-08-09,0.0024314823728468493,8.196773259477396,68.7257
EC,1982-08-12,0.004860481588466525,16.38517554452945,68.9481
EC,1982-08-13,0.0031095853257741,10.482726969772644,69.1625
EC,1982-08-16,0.00688812579071052,23.22056944344907,69.6389
EC,1982-08-17,0.005929157410585084,19.987789941250462,70.0518
EC,1982-08-18,0.0054416874370109,18.344479305396348,70.433
EC,1982-08-20,0.005404723140894463,18.21986892065896,70.8935
EC,1982-08-23,-0.002853576138856284,-9.619694080477387,70.6912
EC,1982-08-24,0.002403410891313129,8.102141453070299,70.8611
EC,1982-08-25,-0.0028548808866922792,-9.6240925175345,70.6588
EC,1982-08-27,-0.008145097844653448,-27.457949502102995,69.9709
EC,1982-09-03,0.003124892738235685,10.534329807012218,70.1409
EC,1982-09-10,-0.007041128634303506,-23.736357520299745,69.6229
EC,1982-09-13,0.003603699357539014,12.148435398479528,69.8738
EC,1982-09-17,0.004975793052763633,16.773902165629757,70.2866
EC,1982-09-21,0.004251827434011535,14.333340765375683,70.7398
EC,1982-09-28,0.0033109780011115753,11.161642068765552,71.1201
EC,1982-10-01,0.003070181598573196,10.349893015864126,71.4196
EC,1982-10-04,-0.006799253986300768,-22.920973592768707,70.934
EC,1982-10-07,0.010462250177766919,35.26930462205083,71.9051
EC,1982-10-08,0.003038727433797961,10.243857841762914,72.1236
EC,1982-10-11,0.011108707829337483,37.448578817476765,72.9248
EC,1982-10-14,-0.003222674888812782,-10.863963336769674,72.593
EC,1982-10-18,0.003568633502717189,12.030224851558012,72.8358
EC,1982-10-25,-0.002782117434785847,-9.378799554067278,72.5121
EC,1982-11-01,0.005347991198671576,18.02861979947931,73.0138
EC,1982-11-12,-0.002554446616592876,-8.611298174921961,72.7063
EC,1982-11-18,0.0025609885250659215,8.633351610734053,72.8925
EC,1982-11-29,-0.00434347266872237,-14.642286130402855,72.689
EC,1982-12-02,0.0026818159960981802,9.040673249018402,72.9817
EC,1982-12-03,0.0049025988706756785,16.52715716711043,73.3395
EC,1982-12-10,-0.003440107201436615,-11.596949677022128,73.0305
EC,1982-12-14,0.004445507672328208,14.98625645830936,73.4777
EC,1983-01-21,-0.002643233876747475,-8.910609018358342,73.616
EC,1983-01-24,-0.003093077591827864,-10.427077727279206,73.3883
EC,1983-02-25,0.0030892626481906493,10.414217166026063,74.1619
EC,1983-03-08,-0.0030862111384778457,-10.403930217827602,73.7459
EC,1983-04-05,0.0028882331393771388,9.736526338155008,73.648
EC,1983-04-11,0.0028776841765358885,9.700964716364945,73.9172
EC,1983-05-31,-0.0033284053764461863,-11.220391515490252,73.4836
EC,1983-06-07,-0.0027857240158015717,-9.390957703827262,73.2055
EC,1983-06-13,0.003574868008551224,12.051242001950364,73.4672
EC,1983-06-20,-0.0031187735184804444,-10.513701297663868,73.1973
EC,1983-07-05,-0.004888982469486436,-16.48125490007996,73.2546
EC,1983-07-07,-0.002453902373151462,-8.27235335046492,73.1319
EC,1983-08-15,0.0028038433906076854,9.452039950833358,73.1401
EC,1983-08-22,0.002806649684798046,9.461500252678295,73.4602
EC,1983-08-29,-0.003252482660244249,-10.964448352216444,73.0901
EC,1983-09-06,0.002699561013634666,9.100493499765983,73.3204
EC,1983-09-12,0.002463111199462853,8.303397236327848,73.6246
EC,1983-10-17,0.0025555884407939544,8.61514737991022,74.1838
EC,1984-01-13,0.0036811820834734554,12.409637512508116,74.3249
EC,1984-05-22,-0.0028671786661124132,-9.665549577074636,72.9284
EC,1984-05-24,-0.0036827634864228243,-12.414968581962947,72.5846
EC,1984-06-01,0.003814746954199588,12.859898214785671,72.811
EC,1984-06-04,0.003801623381082475,12.815657321083776,73.0878
EC,1984-06-13,0.0033370793146363376,11.249632239340595,73.1213
EC,1984-06-20,-0.004697753711485064,-15.83660339549451,72.8613
EC,1984-07-12,0.002524651269714795,8.510855043902607,73.2639
EC,1984-07-13,0.002518293456941212,8.489422213332565,73.4484
EC,1984-07-25,0.0034216302517808828,11.53466200899454,73.7838
EC,1984-08-06,-0.002835638444604327,-9.559224297013987,73.7419
EC,1984-08-27,-0.0025081813520639873,-8.455333283969848,73.7327
EC,1984-09-10,0.0026201700337495915,8.832858468464577,74.1202
EC,1984-10-18,0.00269782852169409,9.094653094024467,75.1142
EC,1984-10-30,0.003470755035385187,11.700266628267975,75.5186
EC,1984-11-05,0.0028922078110742433,9.749925358870046,75.9397
EC,1984-11-30,-0.002661945974298474,-8.973689393748923,76.057
EC,1984-12-14,0.003665948188107393,12.358282508840942,76.4122
EC,1985-01-07,0.0024311701884449644,8.195720854250867,76.7336
EC,1985-02-01,-0.0031835432108865414,-10.732046488510255,76.7759
EC,1985-02-27,-0.0034521432926710727,-11.637524559193173,76.3257
EC,1985-03-08,0.003928872275455353,13.244626227600035,76.2745
EC,1985-03-13,-0.0025699869535829034,-8.663686224329856,76.1466
EC,1985-03-20,0.003917435936470648,13.2060731709861,76.4963
EC,1985-03-26,0.0027855771616627223,9.39046264365664,76.7863
EC,1985-04-11,0.0035380338640382814,11.927070371445835,77.4345
EC,1985-04-16,0.0034152529018023348,11.513163316528475,77.6818
EC,1985-04-18,0.0028577137001397634,9.633642218480198,77.8012
EC,1985-04-23,-0.002410480708444962,-8.125974522420398,77.6392
EC,1985-05-20,0.002836198956094549,9.561113837997704,78.3897
EC,1985-06-05,0.0032639862953123266,11.003228270740962,79.1795
EC,1985-06-07,-0.0044480050949876615,-14.994675522951251,78.7846
EC,1985-06-14,0.004025981269553114,13.571990478710488,79.2052
EC,1985-06-19,-0.0023818440188480006,-8.029437342406421,79.1194
EC,1985-06-21,-0.002716483204893261,-9.157539919821998,78.7846
EC,1985-07-05,0.003801742423091836,12.816058623749994,79.3168
EC,1985-07-11,-0.0028210527380138073,-9.51005440333642,78.8962
EC,1985-07-18,-0.002931338640430381,-9.881839346513734,78.8447
EC,1985-09-06,-0.0028419795910339385,-9.58060094365108,78.5943
EC,1985-09-13,0.0026307043691848886,8.868370779788188,78.7407
EC,1985-12-11,0.0026068236478127282,8.787866450188146,79.4986
EC,1986-01-08,-0.0031435539525975775,-10.597238650020545,79.2144
EC,1986-04-16,0.0024608520591449246,8.29578144558464,80.6172
EC,1986-06-06,0.0025892644533844766,8.728672627952477,79.9976
EC,1986-06-13,0.002798787442223283,9.434995836929277,80.187
EC,1987-05-26,0.0035954988377486785,12.120790615987218,79.8299
EC,1987-06-02,-0.003036723694459398,-10.237103033579762,79.6133
EC,1987-06-12,0.0028170563823894934,9.496582283907323,80.2024
EC,1987-10-14,-0.0031899758763596076,-10.753731655108874,78.9642
EC,1987-10-20,0.012798348436777518,43.144528376418506,79.966
EC,1987-10-21,0.0028324537928619,9.548488513553417,80.1925
EC,1987-10-22,0.0036923652461267054,12.447337086075338,80.4886
EC,1987-10-26,0.003360691854429998,11.3292325016869,80.6106
EC,1987-11-30,0.0023881206561231494,8.050596522152455,80.506
EC,1987-12-15,0.0026116860785778684,8.804258196604591,80.3491
EC,1987-12-18,0.002496445211432219,8.415769565649608,80.5147
EC,1988-09-02,0.003852600910954962,12.987507735612498,80.4885
EC,1988-10-07,0.0024119729242997323,8.1310049331494,80.7092
EC,1988-12-02,-0.0032963538061475672,-11.112342426884119,79.9152
EC,1988-12-06,0.0024239998499071547,8.171548917063717,80.1443
EC,1989-02-23,-0.0027844012969482357,-9.386498684651178,79.0423
EC,1989-03-10,-0.003238951394228695,-10.91883308447617,78.8127
EC,1989-03-17,-0.004475990971981814,-15.08901874778825,78.5567
EC,1989-04-03,0.00257641721975288,8.685363302634839,79.0335
EC,1989-04-14,0.005033588941311784,16.968737957593387,79.3071
EC,1989-04-18,0.003566142092969571,12.021826057050706,79.5279
EC,1989-04-20,-0.0028879994566134437,-9.735738569898881,79.2718
EC,1989-05-01,-0.0025518377377976575,-8.60250338036179,79.3866
EC,1989-05-12,0.003105242860893531,10.468088080998141,79.8545
EC,1989-06-02,0.003411450422712292,11.500344774525848,80.2682
EC,1989-06-23,0.0031910864568192032,10.757475534281255,80.2594
EC,1989-08-04,-0.003595011550088678,-12.11914791994888,80.4882
EC,1989-10-06,0.002851078855725442,9.611275486200569,80.3736
EC,1990-05-04,0.0031813122065758037,10.724525547095975,79.9376
EC,1991-02-01,0.0031205393280646643,10.519654020555423,81.168
EC,1991-12-20,0.002822823758706683,9.516024693402866,83.6626
EC,1992-04-09,0.00250889637219065,8.457743689210563,83.9521
EC,1992-07-02,0.002809541301797669,9.471248186351945,84.6281
EC,1992-09-04,0.0030071183392976764,10.13730038387237,85.1205
EC,1995-06-13,0.002973515052033582,10.024020300268731,85.9109
EC,1996-03-08,-0.0030576375150932478,-10.307605640400775,85.6207
EC,1998-10-16,0.0027376850301445987,9.229013419368204,86.953
EC,2001-01-04,0.0024357808279587,8.211263786865686,87.2889
EC,2001-04-18,0.0032468419566662465,10.945432969349952,88.1244
EC,2001-09-13,0.0024775690912328674,8.352136253304607,89.4618
EC,2008-01-22,0.0047143658570991676,15.892604620291712,91.875
EC,2008-06-09,-0.002932998631557826,-9.887435344673687,91.514
EC,2008-09-15,0.00303921579303279,10.245504150188493,92.112
EC,2008-09-16,-0.0028248219558797416,-9.522760818384974,91.8518
EC,2008-09-18,-0.0026332963020357925,-8.877108447854345,91.3929
EC,2008-09-24,-0.0032088872939879387,-10.817483958660729,91.1091
EC,2008-10-03,0.0024318130128238025,8.197887880316053,91.6768
EC,2008-10-06,0.003456708785646967,11.65291529825797,91.9937
EC,2008-11-13,-0.0024471755066839407,-8.249676402526985,92.533
EC,2008-12-16,0.00319943273993073,10.785611699687419,93.3768
EN,2000-04-14,-0.10251193215311172,-9.020478244775921,4719.8
EN,2000-04-17,0.11188821560235596,9.668686496396521,5247.89
EN,2000-12-05,0.11065298528003176,9.561012023086276,4035.18
EN,2001-01-03,0.16701485531439442,14.474050960886595,3530.43
EN,2001-04-05,0.09786479676379156,8.446271364447492,2087.03
EN,2001-04-18,0.0998498759089883,8.61930982340957,2534.89
EN,2002-05-08,0.10812923565932553,9.341017900318013,1715.24
EN,2008-09-29,-0.09717994675943109,-8.55569146891195,1702.52
EN,2008-10-13,0.13723426355515556,11.87809013107964,1642.28
EN,2008-10-15,-0.10029126466075466,-8.826903655231503,1383.86
EN,2008-10-28,0.1256477277938275,10.86809700425623,1472.82
ER,2008-10-09,-0.09747911422421662,-8.630942653907697,494.78
ER,2008-10-13,0.09711549381080364,8.400380005144788,579.65
ER,2008-10-15,-0.11018446533323911,-9.742941266918443,503.6
ER,2008-10-28,0.0999731074357939,8.650484261236791,490.83
ER,2008-11-19,-0.09028909015877162,-8.001656873476882,418.84
ER,2008-12-01,-0.11530035261960903,-10.190694305614304,424.01
ER,2011-08-08,-0.09544526089609262,-8.452935603135591,681.98
ES,1997-10-27,-0.07415657493371453,-8.482624588200851,1113.91
ES,1998-08-31,-0.07468285739003233,-8.542287742828409,1176.55
ES,2008-09-29,-0.07884574760234897,-9.014222840518629,1090.14
ES,2008-10-13,0.1411278247448804,15.92355933970962,990.75
ES,2008-10-15,-0.09877946386516767,-11.274051914076463,880.15
ES,2008-10-28,0.12458661683529826,14.048329349827503,914.75
ES,2008-11-20,-0.07906835750012631,-9.039459495461756,729.12
ES,2008-12-01,-0.08880508047136504,-10.143284259568855,794.89
ES,2011-08-08,-0.07221743236030698,-8.26278947530051,1129.9
FB,2008-09-19,-0.019005937669156037,-8.994702572132567,92.639053
FB,2009-03-18,0.01973509439675003,9.20883273292644,101.523741
FN,1985-09-23,0.04950484380219611,9.374475752363127,97.393
GS,1992-04-10,0.03722022806413694,10.025365391983435,46.4071
HS,1997-10-28,-0.1454891825133524,-11.187615874077547,6714.84
HS,1997-10-29,0.24290526654395328,18.589649325671488,8345.91
HS,1998-02-02,0.1483464315861247,11.340051623251396,8067.26
HS,2008-01-23,0.11076369996596269,8.458674278387647,17883.34
HS,2008-10-27,-0.10818306261250099,-8.327445682259528,8274.01
HS,2008-10-28,0.11816398578198495,9.026036334751955,9251.7
HS,2008-10-30,0.11977609445298842,9.149632816482834,10550.34
JN,1985-09-23,0.05472324392213146,9.857737186143591,117.57
JN,1994-02-14,0.048693210128187614,8.77460033965278,231.52
JN,1998-06-17,0.050605060506050625,9.118013935662901,143.25
JN,1998-10-07,0.08627024084909518,15.524324793338193,159.66
JN,2008-10-06,0.04528331502118976,8.16210244009416,133.19
JN,2010-05-06,0.05322466335931986,9.588556634179458,148.61
JO,1990-10-12,-0.12662113209634163,-9.943261724847567,315.84
JO,1991-10-11,0.26994497004527096,21.198147923871048,468.47
JO,1993-10-13,-0.10211229365768903,-8.018639893302845,330.71
JO,1994-07-08,0.11467312799962714,9.005012872888239,239.22
JO,1997-01-27,0.11977097452675856,9.405334852427998,191.66
JO,1997-08-14,-0.12115513767629271,-9.514029951246382,130.86
JO,1998-10-09,0.2550868149755834,20.031371713926365,185.05
JO,1999-08-12,0.2010852950168145,15.79075849558086,157.15
JO,2004-08-16,0.11649326283472616,9.147943809772704,65.46
JO,2006-10-12,0.1669053301511536,13.106685696841605,146.68
JO,2010-01-11,-0.12771405161818927,-10.029086141909783,85.17
JO,2012-01-10,0.10650931492614868,8.363927702361051,149.08
KC,1994-06-27,0.2615137553291145,15.749873324695667,1319.72
KC,1994-07-11,0.24953516493518313,15.028453217843524,1922.01
KC,1997-06-10,-0.13955780576355792,-8.404979537242006,2426.86
KC,1999-10-13,0.23614289616657058,14.221893209669288,2036.36
KC,1999-11-30,0.13586446692226106,8.18254527628928,2227.93
KC,2000-07-18,0.17813092668890196,10.728076337820514,1801.48
LX,2008-09-19,0.08831840317441242,9.857587799822808,3620.4
LX,2008-10-06,-0.07595048890727008,-8.518411713693512,3128.0
LX,2008-10-10,-0.09245327977669604,-10.364502432059346,2666.1
LX,2008-10-13,0.07445332133078275,8.306565363470638,2864.6
LX,2008-10-29,0.07698124621899582,8.589352602900673,2848.4
LX,2008-11-24,0.1005398638604178,11.224745956029405,2813.2
MD,1997-10-27,-0.09076702416886084,-9.923697071145913,424.73
MD,2000-04-14,-0.07379351434164616,-8.085701456856805,544.1
MD,2008-10-09,-0.08602291540315044,-9.409975914246148,557.59
MD,2008-10-13,0.11868108641279451,12.756627304251376,635.12
MD,2008-10-15,-0.11700959333311789,-12.76540320750711,546.73
MD,2008-10-28,0.11349023163795224,12.194529752967407,540.31
MD,2008-11-13,0.08508817324151097,9.118980894725835,545.17
MD,2008-11-19,-0.08923405494612169,-9.757697773598323,469.09
MD,2008-11-20,-0.08294783517022308,-9.076987390408526,430.18
MD,2008-11-24,0.0855996433348194,9.174366009408107,487.0
MD,2008-12-01,-0.10565193692085029,-11.535526600555746,475.82
MD,2011-08-08,-0.08561834233993815,-9.366166264773922,822.34
MP,1995-10-26,-0.09158294535653033,-19.94845250423763,0.014829
MP,1995-10-30,0.04335919671382915,9.270114547077396,0.016002
MP,1995-11-08,-0.043431200108239754,-9.522317454140081,0.01414
MP,1997-10-27,-0.08152477545231862,-17.77059088702323,0.021372
MP,1997-10-28,0.04122215983529842,8.807389157006694,0.022253
MP,1998-09-10,-0.03991564994728125,-8.761107230823269,0.019122
MP,1998-09-14,0.04759411487512444,10.187087098084628,0.020008
MP,1999-01-13,-0.04710113147969475,-10.316955320453719,0.021728
MP,1999-01-15,0.06703910614525133,14.39744549703608,0.022729
MP,2008-10-06,-0.05443014449658501,-11.9038817984869,0.040703
MP,2008-10-14,0.04186545162154909,8.946678958559755,0.038872
MP,2008-10-22,-0.050201568969274524,-10.98828259663156,0.034869
MP,2008-11-20,-0.045574726742442784,-9.986448049125634,0.035015
MP,2009-04-27,-0.04626277683134572,-10.135429215044812,0.03583
MP,2009-05-04,0.03799955717923176,8.109609869221753,0.037505
MW,2010-10-08,0.08209226005692671,8.136758213866024,1342.0
ND,1998-08-31,-0.11512036352592647,-9.38713520602205,1544.23
ND,2000-04-14,-0.10251155761024178,-8.369567783866358,4037.98
ND,2000-04-17,0.11188762698180765,8.933071897994957,4489.78
ND,2000-12-05,0.11065498615003011,8.83359418678081,3452.26
ND,2001-01-03,0.16700989502235175,13.381599741826516,3020.42
ND,2002-05-08,0.10812831317112948,8.629684306101934,1467.45
ND,2008-10-13,0.1372330006717981,10.978517497027777,1405.04
ND,2008-10-15,-0.10029408859133848,-8.190611564826723,1183.95
ND,2008-10-28,0.12564766839378216,10.04354738330011,1260.05
NK,2008-10-13,0.12503304255881575,9.84916630078601,8512.0
NK,2008-10-15,-0.10276812731144236,-8.13498452551133,8006.0
NK,2008-10-24,-0.10748656417947755,-8.507489549728003,7141.0
NK,2008-10-28,0.14052044609665426,11.071845715869136,7670.0
RL,2008-10-09,-0.09746624745700028,-9.65032635283431,488.0
RL,2008-10-13,0.0971022836307811,9.42012960362099,571.7
RL,2008-10-28,0.09997727789138833,9.701919526767584,484.1
RL,2008-11-13,0.08488475177304977,8.222639434543558,489.5
RL,2008-11-14,-0.08886618998978546,-8.807399615223739,446.0
RL,2008-11-19,-0.09436247522572128,-9.34611296691544,411.25
RL,2008-12-01,-0.1152951131796065,-11.39780625935178,418.2
SB,1983-06-01,-0.16475844736107237,-8.738705772863906,59.82
SB,1985-07-26,0.15280665280665295,8.104788558046396,11.09
SB,1988-07-26,-0.16666666666666663,-8.839916771928145,14.15
SC,1997-10-27,-0.07415098380653518,-9.067775798480993,994.26
SC,1998-08-31,-0.074685250610116,-9.132530485642091,1050.26
SC,2008-09-29,-0.07879562562136078,-9.630719866273704,972.93
SC,2008-10-09,-0.06982768725823474,-8.543779709610181,793.53
SC,2008-10-13,0.141076107017023,17.018372248643463,884.14
SC,2008-10-15,-0.09877010623895743,-12.051684887736563,785.53
SC,2008-10-28,0.12459531321035433,15.020852208160564,816.31
SC,2008-11-20,-0.07901552570870551,-9.657372395061323,650.74
SC,2008-11-24,0.07070883061823041,8.489654126831129,737.44
SC,2008-12-01,-0.08879098860731849,-10.842186869050758,709.44
SC,2009-03-23,0.06962224318375787,8.35795657624242,714.39
SC,2011-08-08,-0.07221910448310442,-8.833626417715971,1008.47
SN,1985-09-23,0.05098349536513691,8.306924427232058,92.97
SN,2011-08-09,0.056897326443495766,9.270486213090624,188.17
SN,2011-09-06,-0.08498417536045011,-13.846777612518055,156.12
SP,1987-10-19,-0.2860824742268041,-36.164529638772244,307.47
SP,1987-10-20,0.07317787101180606,9.156219688533845,329.97
SP,1987-10-21,0.1942297784647089,24.426936944070402,394.06
SP,1987-10-26,-0.08609343557948557,-10.935880808286258,336.08
SP,1988-01-08,-0.08407965177365295,-10.68184166293357,366.13
SP,1989-10-13,-0.08361375130369764,-10.623068245020455,465.68
SP,1997-10-27,-0.07415477154855343,-9.429816454065817,994.33
SP,1998-08-31,-0.07468879668049788,-9.497183808854894,1050.33
SP,2008-09-29,-0.07879912519053622,-10.015702399969099,973.0
SP,2008-10-09,-0.06982277650147684,-8.88333459427332,793.59
SP,2008-10-13,0.1410780885028844,17.721842855596385,884.21
SP,2008-10-15,-0.09877477973568272,-12.535634377677814,785.58
SP,2008-10-28,0.12460050694291391,15.643193337783122,816.37
SP,2008-11-20,-0.07902408649627812,-10.044081304240041,650.78
SP,2008-11-24,0.0707036977888762,8.844102345457022,737.49
SP,2008-12-01,-0.08879698958426974,-11.276934573244034,709.49
SP,2009-03-23,0.06961703146989251,8.707019217586684,714.44
SP,2011-08-08,-0.07222298882296119,-9.186121757944433,1008.54
SS,1991-11-18,-0.0018973189076865182,-8.504132087338386,88.378
SS,1991-11-21,-0.002013164740211404,-9.02337440214806,88.24
SS,1991-12-12,0.0020074627712058923,8.997817128995752,88.348
SS,1991-12-19,-0.003454955312135355,-15.485744758679745,87.974
SS,1991-12-23,-0.0019004051163002966,-8.517965041616302,87.709
SS,1992-01-02,0.002018036917533994,9.045212396454858,87.886
SS,1992-01-09,0.0019006214007692979,8.518934468361259,88.033
SS,1992-03-12,-0.0028955768353853273,-12.978507607442568,87.466
SS,1992-03-13,-0.002469531017766813,-11.068891942090985,87.25
SS,1992-03-18,-0.0026867582832186265,-12.042544474034637,87.231
SS,1992-03-31,0.00976392390556935,43.76370163565658,88.112
SS,1992-04-01,-0.0131196658797893,-58.80475397755799,86.956
SS,1992-04-06,0.0019102856222237286,8.562251285284768,87.064
SS,1992-04-08,0.002812761902575067,12.607315856509537,87.348
SS,1992-04-10,0.007389866959515823,33.12274203191762,88.063
SS,1992-04-23,-0.001887114193144912,-8.458392681051006,87.799
SS,1992-04-24,0.00367885739017515,16.48931502752912,88.122
SS,1992-07-13,-0.0025478576384544427,-11.419966253101073,87.693
SS,1992-07-17,-0.0022216905355983974,-9.958025345858195,87.576
SS,1992-08-21,-0.0018976199730217358,-8.505481517509157,87.312
SS,1992-08-24,-0.0029091075682607936,-13.039154839252303,87.058
SS,1992-09-02,0.0022383690898446496,10.032781691647694,87.312
SS,1992-09-03,0.004031519149716001,18.070009855972838,87.664
SS,1992-09-08,-0.003343413019912256,-14.985791702529388,87.342
SS,1992-09-09,-0.002805065146206931,-12.572817579739342,87.097
SS,1992-09-11,-0.001788293555265108,-8.01546041801379,87.078
SS,1992-09-14,0.006947793931877166,31.141289465320483,87.683
SS,1992-09-15,-0.006899855160065305,-30.926419078512424,87.078
SS,1992-09-17,0.023540349145500183,105.5121717832335,89.178
SS,1992-09-18,0.004160218888066725,18.64686573934934,89.549
SS,1992-09-22,0.002837671768517458,12.718966454305077,89.764
SS,1992-10-16,0.006952091745364264,31.160553055343726,90.526
SS,1992-10-20,0.003233495927781549,14.493123091918505,90.907
SS,1992-10-21,0.001826041998965966,8.184655881160774,91.073
SS,1992-11-03,0.0019289996602329662,8.646131043438912,91.415
SS,1992-12-03,0.002042303276516888,9.153978677775973,90.769
SS,1992-12-07,-0.002348634373863012,-10.52701096229963,90.478
SS,1993-01-21,0.002238123063692754,10.031678957213233,90.904
SS,1993-01-26,0.005553168280831633,24.890320953472884,91.263
SS,1993-02-01,0.002759768705098864,12.369790604828179,91.564
SS,1993-03-16,-0.002114767211246704,-9.478775352712415,91.07
SS,1993-07-28,0.0017976288944030472,8.057303123943461,90.838
SS,1994-07-29,-0.003498239844620832,-15.679753989338824,90.3
SS,1994-08-02,0.0020248514555696318,9.075756408499686,90.56
SS,1994-08-11,-0.001911771206294488,-8.568909946152692,90.319
SS,1994-09-12,-0.003840651480136459,-17.214505877842946,90.521
SS,1995-03-14,0.001943645268266847,8.71177535063204,91.243
SS,1995-05-05,0.0028078532486972563,12.58531436757754,91.786
SS,1995-06-26,-0.002144474440477273,-9.611928614561075,91.667
SS,1996-01-18,0.001919739696312206,8.60462618308723,92.377
SS,1996-03-08,-0.0019056487326353233,-8.54146789385044,92.181
SS,1996-06-06,0.0024498910557295694,10.980862022250738,92.475
SS,1996-10-30,-0.0021230962542515552,-9.51610765440794,92.122
SS,1997-03-19,-0.0019258233435754946,-8.63189420834655,92.25
SS,1997-11-06,-0.001947917686874967,-8.730925116139916,91.714
SS,1998-06-04,-0.0028003573996993048,-12.551716594568969,91.517
SS,1998-06-16,-0.0019561345033713984,-8.767754397996532,91.328
SS,1998-10-16,0.002260132565467865,10.13032958969983,92.238
SS,1999-02-04,0.0020215997664889684,9.061181740352497,92.688
SS,1999-03-03,-0.0018972468361253547,-8.503809049353894,92.59
SS,1999-09-08,-0.0028608751039091995,-12.822968068498017,92.364
SS,2001-06-12,-0.0020005777069314057,-8.966957005385092,93.286
SS,2001-08-02,0.002106884271092957,9.443442565992974,93.7
SS,2001-09-11,0.0018846428229180034,8.44731554543548,94.094
SS,2007-01-11,-0.0020064205457464013,-8.993145682916555,94.506
SS,2007-09-04,-0.0034191493667650175,-15.325255930097596,93.562
SS,2007-09-14,0.0019213936508613028,8.612039511386964,93.862
SS,2008-01-24,-0.0019970681340160112,-8.951226454489433,93.95
SS,2008-06-09,-0.0027130322441729637,-12.160309196405798,92.633
SS,2008-06-19,-0.002187005095829586,-9.80255882934039,92.618
SS,2008-09-17,-0.0029698405720963716,-13.311371325677536,92.994
SS,2008-09-18,-0.0019141019850742458,-8.579356925060205,92.816
SS,2008-09-19,0.0024026029994828058,10.768908262212413,93.039
SS,2008-09-26,0.0019191995428422537,8.602205115950177,92.925
SS,2008-10-01,0.002978846960393078,13.351739613472885,93.266
SS,2008-10-10,0.0027857531673265434,12.48625774069417,93.952
SS,2008-10-31,0.0018844753112559065,8.446564727375915,94.634
SS,2008-11-06,0.004592337658224421,20.583701494241016,95.158
SS,2008-11-12,0.003112587639778175,13.95118992113258,95.716
SS,2008-11-13,-0.0035626227589953263,-15.96833004568357,95.375
SS,2008-12-01,0.0018112717640530462,8.11845297338833,95.686
SS,2008-12-17,0.0030668766886077226,13.746305035931389,96.157
SS,2012-06-15,0.0020218316978282136,9.062221299245914,98.129
TU,1996-03-08,-0.007187242504772207,-9.364430146248347,86.0301452
TU,2008-09-15,0.008664365883424452,11.289009522496583,101.9747461
TU,2008-09-19,-0.009230993064756943,-12.027281628249314,101.1878696
TU,2008-09-29,0.006225737851175861,8.111662738175331,101.9821695
TU,2009-06-05,-0.0075719376964111795,-9.865658711627743,103.679375
TY,1987-10-20,0.03476999589451224,9.94383949389312,38.752007
TY,2009-03-18,0.03630490530637509,10.38476371919099,99.102863
UZ,2001-09-11,0.0058400250286787525,9.256750854846974,96.45
UZ,2008-06-05,-0.005154639175257603,-8.170377756546808,98.43
UZ,2008-09-29,0.006120810756572448,9.701811195161445,100.27
UZ,2011-08-08,0.005111524163568859,8.102038165646663,108.15
XU,2008-09-29,-0.09531571506909964,-8.283583939970438,1798.25
XU,2008-10-13,0.14097767924889304,12.14557166606716,1729.3
XU,2008-10-15,-0.09801835664852276,-8.517245509447404,1526.18
XU,2008-10-28,0.11420526110057483,9.83091577870937,1539.23
XU,2010-05-10,0.10957376685619957,9.43049190363702,1801.16
XX,2002-07-29,0.08024926238046803,8.7803571800828,1731.78
XX,2003-03-13,0.08262408037540192,9.042118169012067,1275.84
XX,2008-09-19,0.0787078720038934,8.610459583652695,1773.18
XX,2008-09-29,-0.10264743091261508,-11.379174796860557,1546.3
XX,2008-09-30,0.07517946064799852,8.221545381453376,1662.55
XX,2008-10-09,-0.07564579409384842,-8.402957178724298,1359.42
XX,2008-10-13,0.12147771529076157,13.32470568546061,1517.55
XX,2008-10-15,-0.10075248319454189,-11.170306837416824,1344.42
XX,2008-10-28,0.08699640942092035,9.524052017130362,1374.42
XX,2008-12-01,-0.07766731759275691,-8.625776776414256,1246.92
XX,2010-05-10,0.07388629669212521,8.0790081947472,1647.9
YM,2002-07-24,0.06612814373217124,8.965414037594083,7818.6
YM,2008-09-29,-0.06037515760732948,-8.364034559802702,9456.92
YM,2008-10-09,-0.06553684965705864,-9.071125015974399,7763.09
YM,2008-10-13,0.13596251536607995,18.531892862628844,8584.73
YM,2008-10-15,-0.09164665381111803,-12.647857829939198,7678.22
YM,2008-10-20,0.06225053003488945,8.43422705246341,8412.27
YM,2008-10-24,-0.058467558697298694,-8.102716183872648,7458.82
YM,2008-10-28,0.13456489550109274,18.340435553985202,8206.41
YM,2008-11-13,0.06642482513974768,9.00605586391766,7972.56
YM,2008-11-20,-0.06727386119980017,-9.309074950278802,6759.97
YM,2008-11-21,0.0733272484937062,9.951605817502513,7255.66
YM,2008-12-01,-0.07731617037732719,-10.684751939324938,7348.66
YM,2009-03-23,0.06888400019446728,9.34293361534008,7035.48
YM,2011-08-08,-0.059287373591869086,-8.215021079669086,10318.15
ZA,1998-05-13,0.11956362571386725,8.503345352664018,458.73
ZA,1998-05-20,-0.12017465110585157,-8.626458962726433,431.22
ZA,1998-06-04,0.12249776779285115,8.712995977976318,389.72
ZA,1998-07-16,0.14387457462323772,10.240413805242126,470.59
ZA,2000-02-22,0.1647697752159123,11.733419853469073,1188.17
ZA,2000-02-23,-0.11953676662430457,-8.580880774338347,1046.14
ZA,2001-04-17,0.1498509831046373,10.667440766281809,1130.43
ZA,2006-06-13,-0.12367069817243814,-8.876258881714994,360.11
ZA,2008-10-16,-0.11503331421259322,-8.259099623745112,200.56
ZB,1991-01-17,-0.24579124579124578,-15.07688718031986,35.84
ZB,2008-12-31,0.13840996168582387,8.424740163086078,71.31
ZC,2009-09-15,0.09047199837475461,8.060250200682379,644.12
ZD,1998-08-31,-0.07512651160580652,-9.160584948111584,7785.77
ZD,2008-10-09,-0.06553739941328862,-8.000247917482893,7463.45
ZD,2008-10-13,0.1359623648070205,16.382367844402513,8253.38
ZD,2008-10-15,-0.09164673222881792,-11.15962545970273,7381.86
ZD,2008-10-28,0.1345645830906641,16.213228318900917,7889.66
ZD,2008-11-20,-0.06727230976778897,-8.210181922710056,6499.06
ZD,2008-11-21,0.07332598868143991,8.803010629288542,6975.61
ZD,2008-12-01,-0.07731587834969944,-9.425510757254594,7065.02
ZD,2009-03-23,0.06888399707333881,8.26550441920965,6763.93
ZF,1978-10-27,0.07159217509843407,9.623546335691001,154.859
ZF,1996-04-29,0.10243961084600306,13.783219560129094,119.209
ZG,1979-10-09,0.06674723756906076,8.408431433676714,3089.3
ZG,1979-10-11,-0.06713985438815595,-8.457891032654942,3062.3
ZG,1980-01-16,0.0724029784695901,9.12090900279765,5573.6
ZG,1980-01-17,0.06753265394000274,8.507373651249686,5950.0
ZG,1980-01-24,-0.06569579871311937,-8.275977240081971,5183.8
ZG,1980-01-25,-0.07033450364597404,-8.860334492748951,4819.2
ZG,1980-01-29,0.07584111857847309,9.55402603382092,5170.6
ZG,1980-03-13,-0.06448721577507321,-8.123726942742579,3966.2
ZG,1980-03-17,-0.09432985688776174,-11.883130488638182,3499.6
ZG,1980-03-19,0.1023416442048517,12.892409175973372,3926.1
ZG,1982-07-09,0.07173559479553915,9.036835862581075,1845.1
ZG,1985-03-19,0.08231187596395806,10.369174671897705,1333.3
ZG,1990-08-27,-0.06380420781451268,-8.037685545162843,1090.2
ZG,1991-01-17,-0.0744497780998098,-9.378752997185735,1021.9
ZG,1999-09-28,0.09239130434782616,11.638922837411224,603.0
ZG,2000-02-04,0.07953931977685791,10.01990405869627,599.9
ZG,2001-09-14,0.06798925397809463,8.564893486567778,516.8
ZG,2006-06-13,-0.07279211243968953,-9.169929852577537,884.0
ZG,2008-09-17,0.08972943125345112,11.303595440887232,1184.1
ZG,2009-03-19,0.07841231267719717,9.877930214266238,1331.3
ZG,2013-04-15,-0.09346628962643255,-11.774343273320971,1827.3
ZG,2013-06-20,-0.0638632664134563,-8.045125406314739,1725.3
ZI,1987-10-20,-0.12016846305173035,-8.770258804478225,3175.4
ZI,2004-04-21,-0.11157024793388437,-8.144888403878388,1096.5
ZI,2006-04-20,-0.13749378418697156,-10.030374173815593,2081.4
ZI,2006-06-13,-0.13015541765061234,-9.496635815599094,1583.9
ZI,2008-10-02,-0.12919328001717556,-9.426657059658723,1622.4
ZI,2008-10-29,0.11539961013645228,8.363215792181016,1430.5
ZI,2009-03-19,0.13285986488827284,9.633145232078153,1962.0
ZI,2011-09-23,-0.17707290784509966,-12.909066097456929,4275.6
ZI,2013-04-15,-0.1128085245188648,-8.234951459220579,3263.8
ZK,2004-10-13,-0.11053421022268373,-8.6013575961065,154.18
ZK,2006-05-23,0.12249404633037453,9.532027177459005,518.48
ZK,2008-10-10,-0.10868954319792679,-8.457812528079911,285.46
ZK,2008-10-29,0.12348922753547042,9.609468445648366,277.94
ZL,1973-08-22,0.21649296032181398,15.730851545051387,66.53
ZM,1973-06-06,-0.13776570241329722,-10.846423615573192,161.85
ZM,1973-06-11,0.1749166285228536,13.771351048427581,179.68
ZM,1973-06-22,-0.11843930635838151,-9.324838236179625,152.51
ZM,1974-06-24,0.12694958287994207,9.994860328917875,62.14
ZN,1995-12-27,0.1620745945790829,6.327165185491738,10285.793
ZN,1997-01-06,0.17063744404334402,6.659842525192515,14099.587
ZN,2001-02-05,-0.15378915190926035,-5.944533777363953,10326.619
ZN,2003-02-24,0.20639425780615728,8.04903916218084,6991.22
ZN,2009-09-10,0.15093303816507708,5.894301877149389,257.87
ZS,1973-06-06,-0.14194708836093828,-12.232178060734977,1946.33
ZS,1973-06-11,0.13569448280800844,11.626729980179764,2220.26
ZS,1973-06-22,-0.16076637222612677,-13.849398281917844,1827.02
ZS,1997-06-23,-0.10923772281753086,-9.421324695761262,350.8
ZU,1986-03-24,-0.12957198443579765,-8.221931507666783,22.37
ZU,1986-04-08,-0.1298258894776686,-8.237978607552503,22.99
ZU,1986-08-04,0.15086956521739125,9.50230715348616,26.47
ZU,1986-08-05,0.12995844352096708,8.180699452779244,29.91
ZU,1990-08-06,0.14528975556165902,9.149656563214116,83.4
ZU,1990-08-27,-0.12934947049924372,-8.207868362880314,80.57
ZU,1991-01-14,0.1313932980599648,8.27138396199225,102.64
ZU,1991-01-17,-0.31894576012223075,-20.19057880897018,71.32
ZU,1998-03-23,0.12999869740784176,8.18324354618797,86.75
ZU,2001-09-24,-0.15245108065725765,-9.667917533211583,124.31
ZU,2008-12-31,0.14272320784653103,8.98744770259977,158.45
