ID,rows,start,end,duplicate_dates,original_sorted,missing_cells,ohlc_issues,flagged_daily_returns,Name,Ccy,AssetClass,Ccy_original
AN,6814,1988-01-04,2014-12-31,0,True,0,0,10,AustrialianDollar,USD,FX,USD
AP,1614,2008-09-01,2014-12-31,0,True,0,0,2,AustralianEquity,AUD,EQ,AUD
AX,4352,1997-11-05,2014-12-30,0,True,0,0,4,GermanDaxEquity,EUR,EQ,EUR
BN,9841,1976-01-02,2014-12-31,0,True,0,0,4,BritishPound,USD,FX,USD
CA,4091,1999-01-04,2014-12-31,0,True,0,0,3,FranceCAC40Equity,EUR,EQ,EUR
CB,5150,1994-06-01,2014-12-31,0,True,0,0,0,Canada10yearBond,CAD,FI,CND
CC,8521,1981-01-05,2014-12-31,0,True,0,0,1,Cocoa,USD,COMM,USD
CN,9322,1978-01-03,2014-12-31,0,True,0,0,14,CanadianDollar,USD,FX,USD
CT,10535,1973-01-02,2014-12-31,0,True,0,0,0,Cotton,USD,COMM,USD
DA,4355,1997-09-02,2014-12-31,0,True,0,0,1,Milk,USD,COMM,USD
DT,6365,1989-11-23,2014-12-30,0,True,0,0,0,EuropeEuroBondBund,EUR,FI,EUR
EC,8296,1982-02-01,2014-12-31,0,True,0,0,184,EuroDollar,USD,FX,USD
EN,3915,1999-06-21,2014-12-31,0,True,0,0,11,NasdaqEquityMini,USD,EQ,USD
ER,3065,2002-11-26,2014-12-31,0,True,0,1,7,Russell2000Mini,USD,EQ,USD
ES,4364,1997-09-11,2014-12-31,0,True,0,0,9,SP500Mini,USD,EQ,USD
FB,6539,1989-01-03,2014-12-31,0,True,0,0,2,TNotes5year,USD,FI,USD
FN,10048,1975-02-13,2014-12-31,0,True,0,0,1,Euro,USD,FX,USD
GS,6343,1989-11-23,2014-12-31,0,True,0,0,1,UKGiltLongBond,GBP,FI,BPN
HS,4250,1997-10-22,2014-12-31,0,True,0,0,7,HongKongHSIEquity,HKD,EQ,HDK
JN,9325,1978-01-03,2014-12-31,0,True,0,0,6,JapaneseYen,USD,FX,USD
JO,10523,1973-01-02,2014-12-31,0,True,0,0,12,OrangeJuice,USD,COMM,USD
KC,10260,1974-01-02,2014-12-31,0,True,0,0,6,Coffee,USD,COMM,USD
LB,10339,1974-01-02,2014-12-31,0,True,0,0,0,Lumber,USD,COMM,USD
LX,6323,1990-01-02,2014-12-31,0,True,0,0,6,UKFTSE100Equity,GBP,EQ,BPN
MD,5768,1992-02-13,2014-12-31,0,True,0,0,12,SP400Mini,USD,EQ,USD
MP,4941,1995-05-03,2014-12-31,0,True,0,0,15,MexicanPeso,USD,FX,USD
MW,8574,1981-01-02,2014-12-31,0,True,0,0,1,Wheat,USD,COMM,USD
ND,4716,1996-04-10,2014-12-31,0,True,0,0,9,Nasdaq100Equity,USD,EQ,USD
NK,6085,1991-01-02,2014-12-31,0,True,0,0,4,JapanNikkeiEquity,USD,EQ,USD
RL,3994,1993-02-04,2008-12-10,0,True,0,0,7,Russell2000,USD,EQ,USD
SB,10014,1975-01-02,2014-12-31,0,True,0,0,3,Sugar,USD,COMM,USD
SC,5248,1994-03-08,2014-12-31,0,True,0,0,12,SP500,USD,EQ,USD
SN,9829,1976-01-02,2014-12-31,0,True,0,0,3,SwissFranc,USD,FX,USD
SP,8251,1982-04-21,2014-12-31,0,True,0,0,18,SP500,USD,EQ,USD
SS,5848,1991-09-24,2014-12-31,0,True,0,0,83,UKSterlingShort,GBP,FI,BPN
TU,6104,1990-09-20,2014-12-31,0,True,0,0,5,TNotes2year,USD,FI,USD
TY,8057,1983-01-03,2014-12-31,0,True,0,0,2,TNotes10year,USD,FI,USD
UB,4066,1999-01-04,2014-12-30,0,True,0,0,0,GermanyEuroBobl,EUR,FI,EUR
US,9316,1978-01-03,2014-12-31,0,True,0,0,0,TBonds,USD,FI,USD
UZ,4066,1999-01-04,2014-12-30,0,True,0,0,4,GermanyEuroSchatz,EUR,FI,EUR
XU,3500,2001-03-27,2014-12-30,0,True,0,0,5,EuroDJEuroStoxx50Equity,EUR,EQ,EUR
XX,3201,2002-06-04,2014-12-30,0,True,0,0,11,EuroDJStoxx50Equity,USD,EQ,USD
YM,3216,2002-04-03,2014-12-31,0,True,0,0,14,DowJonesMini,USD,EQ,USD
ZA,8032,1983-01-03,2014-12-31,0,True,0,0,9,Palladium,USD,COMM,USD
ZB,7528,1985-01-02,2014-12-31,0,True,0,0,2,RbobOil,USD,COMM,USD
ZC,11337,1970-01-05,2014-12-31,0,True,0,0,1,Corn,USD,COMM,USD
ZD,4208,1998-04-21,2014-12-31,0,True,0,0,9,DowJones,USD,EQ,USD
ZF,9331,1978-01-03,2014-12-31,0,True,0,0,2,CattleFeeder,USD,COMM,USD
ZG,10053,1975-01-02,2014-12-31,0,True,0,0,22,Gold,USD,COMM,USD
ZI,10549,1973-01-02,2014-12-31,0,True,0,0,9,Silver,USD,COMM,USD
ZK,6530,1989-01-03,2014-12-31,0,True,0,0,4,Copper,USD,COMM,USD
ZL,11585,1969-01-02,2014-12-31,0,True,0,0,1,SoybeanOil,USD,COMM,USD
ZM,11585,1969-01-02,2014-12-31,0,True,0,0,4,SoybeanMeal,USD,COMM,USD
ZN,6021,1991-01-02,2014-12-31,0,True,0,0,5,NaturalGas,USD,COMM,USD
ZO,10080,1975-01-02,2014-12-31,0,True,0,0,0,Oats,USD,COMM,USD
ZP,10543,1973-01-02,2014-12-31,0,True,0,0,0,Platinum,USD,COMM,USD
ZR,7046,1987-01-02,2014-12-31,0,True,0,0,0,RiceRough,USD,COMM,USD
ZS,11584,1969-01-02,2014-12-31,0,True,0,0,4,Soybeans,USD,COMM,USD
ZT,11092,1971-01-04,2014-12-31,0,True,0,0,0,CattleLive,USD,COMM,USD
ZU,7777,1984-01-03,2014-12-31,0,True,0,0,11,CrudeOil,USD,COMM,USD
ZW,11587,1969-01-02,2014-12-31,0,True,0,0,0,WheatElectronic,USD,COMM,USD
ZZ,11343,1970-01-05,2014-12-31,0,True,0,0,0,LeanHogs,USD,COMM,USD
