ID,Month,monthly_return
CC,1981-07,0.3172396198737164
CC,2001-01,0.345605700712589
CC,2001-11,0.3109090909090908
CT,1973-08,0.40018555744549245
CT,1976-06,0.3112186596760098
DA,2004-03,0.36192468619246854
DA,2004-11,0.31278098908156715
HS,1998-10,0.34828344515568777
JO,1977-01,0.7065363235576001
JO,1981-01,0.5835785978416725
JO,1991-10,0.3616961606416693
KC,1975-07,0.521270181550211
KC,1979-06,0.39593011326869343
KC,1981-07,0.3380797313970185
KC,1981-09,0.3167915050322674
KC,1985-12,0.43147819922013486
KC,1994-05,0.40780806438276884
KC,1994-06,0.5316516410693135
KC,1996-01,0.35511090008817736
KC,1997-02,0.3031469141909391
KC,1997-05,0.3136858190448142
KC,1997-06,-0.3090564676754318
KC,1999-11,0.30317263485452917
KC,2014-02,0.41671907097639704
LB,1993-02,0.45236884242252984
MW,2008-01,0.3249688942404174
MW,2008-02,0.41195216227023224
MW,2010-07,0.34260117055944894
SB,1980-01,0.34946894425138253
SB,1980-05,0.417567804024497
SB,1983-05,0.6741467975689575
SB,1985-07,0.5254730713245996
SB,1986-03,0.45748031496063013
SB,1988-06,0.3534246575342468
SB,1989-06,0.3264367816091953
SB,2009-08,0.31081081081081074
ZA,2000-02,0.47747773302320295
ZA,2008-02,0.450475824691674
ZA,2008-09,-0.3393158546191065
ZB,1986-04,0.34192269573835476
ZB,1986-08,0.4046121593291405
ZB,1990-08,0.4515190691661277
ZB,1999-03,0.3601316408086508
ZB,2005-08,0.35121344933603704
ZB,2008-10,-0.3970335934473407
ZB,2009-05,0.3028160852937767
ZC,1973-05,0.32447823530117725
ZC,1973-07,0.4418031086401468
ZC,1974-07,0.3120145696480343
ZC,1988-06,0.47095127911251433
ZI,1974-02,0.432666847958322
ZI,1979-09,0.5469581500675
ZI,1979-12,0.5075241775542334
ZI,1980-03,-0.4757840291690484
ZI,1980-04,-0.3360664415248944
ZK,2006-04,0.3197186991370575
ZK,2008-10,-0.364706189333055
ZL,1973-07,0.48016905071521454
ZL,1974-01,0.3820136339800735
ZL,1974-07,0.5455346650998825
ZL,1974-09,0.36140713353632026
ZL,1983-08,0.42438935138596645
ZM,1972-12,0.33987625346703654
ZM,1973-04,0.3790499725425589
ZM,1973-05,0.6845196615231459
ZM,1974-07,0.7520225114315864
ZM,2014-10,0.30145328719723175
ZN,1994-01,0.35604803969424714
ZN,1995-12,0.38555773219295886
ZN,2000-05,0.37696645041525567
ZN,2000-11,0.4709062497501235
ZN,2000-12,0.49930898680747626
ZN,2001-01,-0.3860914718998728
ZN,2001-10,0.3078107624694979
ZN,2002-03,0.37407509536283845
ZN,2003-02,0.49832505151477324
ZN,2003-03,-0.3748099576089561
ZN,2005-08,0.4505893773983285
ZN,2006-07,0.30523473063865625
ZN,2008-07,-0.3214614124203279
ZO,1988-06,0.9391076195098276
ZO,2002-05,0.35032621210182935
ZO,2010-06,0.3073657927590512
ZP,1974-02,0.41342486651411137
ZP,1978-10,0.3267326732673266
ZP,1979-09,0.342698332491157
ZP,1980-03,-0.3931384887894467
ZP,1986-08,0.3402371805578752
ZP,2008-09,-0.3153068667291862
ZR,1987-09,0.46729817756893155
ZR,1993-10,0.46931111465475994
ZS,1973-02,0.32360641690864966
ZS,1973-04,0.3256736146415862
ZS,1973-05,0.5598941555453292
ZS,1974-07,0.5687923950305123
ZU,1986-08,0.4430436740207111
ZU,1990-08,0.3294863459037711
ZU,1990-09,0.4846558258955862
ZU,1999-03,0.36765009284093275
ZU,2008-10,-0.3287205813059544
ZW,1973-07,0.35820874635392075
ZW,1973-08,0.4461095561508064
ZW,2010-07,0.377407619781728
ZZ,1974-06,0.3144411757048762
ZZ,2002-09,0.32094189293149933
