ID,Date,issue,Open,High,Low,Close,Volume,OpenInterest
ER,2012-05-28,invalid_ohlc,823.77,829.35,822.16,820.45,83570.0,442335.0
SS,1992-01-02,calendar_gap_gt_7_days,87.837,87.886,87.837,87.886,1730.0,0.0
SS,1993-01-04,calendar_gap_gt_7_days,90.613,90.633,90.613,90.623,427.0,0.0
SS,1994-01-04,calendar_gap_gt_7_days,90.684,90.684,90.674,90.674,1734.0,0.0
SS,1995-01-03,calendar_gap_gt_7_days,90.548,90.558,90.548,90.558,345.0,0.0
SS,1996-01-02,calendar_gap_gt_7_days,92.141,92.141,92.141,92.141,76.0,0.0
SS,1997-01-02,calendar_gap_gt_7_days,91.964,91.964,91.954,91.964,530.0,0.0
SS,1998-01-05,calendar_gap_gt_7_days,91.794,91.814,91.794,91.814,1262.0,0.0
SS,1999-01-04,calendar_gap_gt_7_days,92.541,92.541,92.531,92.541,1318.0,0.0
